Parameter,Description,Type,Default,BoxA-PC,BoxB-PC,BoxC-PC,BoxD-PC,BoxA-PC;onlyblue,BoxB-PC;onlyblue,BoxC-PC;onlyblue,BoxD-PC;onlyblue,BoxA-PC;onlyred,BoxB-PC;onlyred,BoxC-PC;onlyred,BoxD-PC;onlyred,launched_from_main,short,30_min,RunConstantImageStimulus,RunFullWormRailsTwoColors,RunRailsTriggeredByTurningTwoColors,test,Mochi,Sandeep
ExperimentalDuration,How long the experiment is but not including finding median filters(seconds),Numeric,60,,,,,,,,,,,,,,1,1800,,,,60,,1800
TC_ZoneRadius,The radius of the temporal calibration zone in the center of the camera FOV (mm),Numeric,6,,,,,,,,,,,,,,,,,,,,,
TC_ZoneMargin,The buffer distance between the top center of the temporal calibration dots and the radius (mm),Numeric,1.2,,,,,,,,,,,,,,,,,,,,,
TC_DotRadius,The radius of the temporal calibration dot (mm),Numeric,0.3,,,,,,,,,,,,,,,,,,,,,
TC_NumberofTimeBitsEncoded,Number of bits to encode for representing the camera buffer index,Numeric,19,,,,,,,,,,,,,,,,,,,,,
TC_NumberofOtherBitsEncoded,Number of bits to encode for other information,Numeric,0,,,,,,,,,,,,,,,,,,,,,
MF_NumberofMedianFilterImages,Number of images to use for our median filter background subtraction,Numeric,5,,,,,,,,,,,,,,,,,,,,,
MF_MedianFilterUpdateTime,Amount of time in between median filter updates during the experimental portion (ms),Numeric,60000,,,,,,,,,,,,,,,,,,,10000,,
MF_InitialMedianFilterAquisitionTime,Amount of time before the experiment begins spent aquiring a median filtered background image (s),Numeric,60,,,,,,,,,,,,,,5,,,,,10,,
FW_MaxFauxWormCount,Max number of fake worms to draw,Numeric,0,,,,,,,,,,,,,20,,,,,,40,,
FW_PoissonLambda,The lamda of a Poisson distribution  for thenumber of fake worms to be added per second,Numeric,0.5,,,,,,,,,,,,,,,,,,,,,
FW_HeadingChangeSD,Fake worm heading change standard deviation (rad/s/s),Numeric,0.2,,,,,,,,,,,,,,,,,,,,,
FW_SpeedChangeSD,Fake worm speed change standard deviation (mm/s/s),Numeric,0.02,,,,,,,,,,,,,,,,,,,,,
FW_InitialSpeedMean,Fake worm initial speed mean (mm/s),Numeric,0.05,,,,,,,,,,,,,,,,,,,,,
FW_InitialSpeedSD,Fake worm initial speed standard deviation  (mms/s),Numeric,0.05,,,,,,,,,,,,,,,,,,,,,
FW_WormLengthMean,Fake worm length mean (mm),Numeric,1,,,,,,,,,,,,,,,,,,,,,
FW_WormLengthSD,Fake worm length standard deviation (mm),Numeric,0.01,,,,,,,,,,,,,,,,,,,,,
CameraCalibrationImagePath,The relative path of the camera calibration image,String,..\GEN-H5CKDP1_camera_distortion.png,..\BoxA-PC_camera_distortion.png,..\BoxB-PC_camera_distortion.png,..\BoxC-PC_camera_distortion.png,..\BoxD-PC_camera_distortion.png,,,,,,,,,,,,,,,,,
ProjectorCameraCalibrationImagePath,The relative path of the projector to camera calibration image,String,..\GEN-H5CKDP1_projector_to_camera_distortion.png,..\BoxA-PC_projector_to_camera_distortion.png,..\BoxB-PC_projector_to_camera_distortion.png,..\BoxC-PC_projector_to_camera_distortion.png,..\BoxD-PC_projector_to_camera_distortion.png,,,,,,,,,,,,,,,,,
NumberofBufferImages,Number of frames to buffer when saving camera and projector images,Numeric,50,,,,,,,,,,,,,,,,,,,,,
TrackingMemoryPreallocationSize,Buffer chunk size for tracks,Numeric,1024,,,,,,,,,,,,,,,,,,,,,
TrackingBinaryThresholdLevel,Theshold level of particle detection after median filtering,Numeric,7,,,,,,,,,,,,,,,,,,,,,
TrackingMaxBlobCount,The max number of particles before the algorith raises the binary threshold. Max active tracks. Limited by IMAQ label,Numeric,255,,,,,,,,,,,,,,,,,,,,,
TrackingMinWormArea,The minimum area for a binary blob to be considered a worm (mm^2),Numeric,0.04,,,,,,,,,,,,,,,,,,,,,
TrackingMaxWormArea,The maximum area for a binary blob to be considered a worm (mm^2),Numeric,0.5,,,,,,,,,,,,,,,,,,,,,
TrackingMaxWormSpeed,The maximum speed at which a worm could move at in order to be considered the same track (mm/s),Numeric,6,,,,,,,,,,,,,,,,,,,,,
TrackingMaxAreaChange,The maximum change in area between track frames (mm^2),Numeric,0.5,,,,,,,,,,,,,,,,,,,,,
TrackingWormBoxHalfSize,The cut out size around a worm. Reserved for later use. (mm),Numeric,1,,,,,,,,,,,,,,,,,,,,,
TrackingMatureTime,The minimum mount of time that needs to pass before we find the head and start stimulus delivery (s),Numeric,10,,,,,,,,,,,,,,,,0,,,,,
TrackingCenterlinePointsCount,The number of points in the centerline,Numeric,10,,,,,,,,,,,,,,,,,,,,,
TrackingMaxMatureTracks,The max number of tracks we are actively stimulating,Numeric,50,,,,,,,,,,,,,,,,255,,,,,
TrackingMaxBackwardsTime,"Max time a worm can go ""backwards"" (s) for correcting head/tail assignment",Numeric,10,,,,,,,,,,,,,,,,,,,,,6
TrackingSmoothingWindow,The minimum amount of time in between tracking frames to calculate speed (s),Numeric,1,,,,,,,,,,,,,,,,,,,,,
CalibrationBinaryThresholdLevel,Theshold level for the green calibration channel,Numeric,10,,,,,,,,,,,,,,,,,,,,,
BehaviorParallelPoolCount,Number of parallel pools to use for centerline finding and other behavior calculations,Numeric,2,,,,,,,,,,,,,,,,,,,,,
StimulusBufferSize,Buffer chunk size for stimulus,Numeric,1024,,,,,,,,,,,,,,,,,,,,,
GreenExposureTime,Amount of time for green exposure for projector in 1 frame (us),Numeric,239,239,239,239,239,235,235,235,235,235,235,235,235,,,,,,,,,
RedExposureTime,Amount of time for red exposure for projector in 1 frame (us),Numeric,8274,8274,8274,8274,8274,0,0,0,0,33098,33098,33098,33098,,,,,,,,,
BlueExposureTime,Amount of time for blue exposure for projector in 1 frame (us),Numeric,8274,8274,8274,8274,8274,33098,33098,33098,33098,0,0,0,0,,,,,,,,,
GreenLEDCurrent,Green LED current setting (out of 255),Numeric,255,255,255,255,255,255,255,255,255,255,255,255,255,,,,,,,,,
RedLEDCurrent,Red LED current setting (out of 255),Numeric,255,255,255,255,255,0,0,0,0,255,255,255,255,,,,,,,,,
BlueLEDCurrent,Blue LED current setting (out of 255),Numeric,255,255,255,255,255,255,255,255,255,0,0,0,0,,,,,,,,,
avgPowerRed,Average Red Power in FOV at 255 pixel intensity (uW/mm^2),Numeric,63.380282,63.380282,63.380282,71.830986,60.84507,0.239437,0.261972,0.273239,0.450704,94.366197,87.323944,92.957746,95.774648,,,,,,,,,
avgPowerBlue,Average Blue Power in FOV at 255 pixel intensity (uW/mm^2),Numeric,218.309859,218.309859,214.084507,218.309859,187.323944,394.366197,388.732394,398.591549,343.661972,0.084507,0.077465,0.076056,0.211268,,,,,,,,,
avgPowerGreen,Average Green Power in FOV at 255 pixel intensity (uW/mm^2),Numeric,1.408451,1.408451,1.408451,1.408451,1.408451,1.408451,1.408451,1.408451,1.408451,1.408451,1.408451,1.408451,1.408451,,,,,,,,,
RedBluePatternRepeat,The number of times the red and blue exposure patterns are repeated before another green exposure,Numeric,2,2,2,2,2,1,1,1,1,1,1,1,1,,,,,,,,,
PureGreenExposureTime,Amount of time for green exposure for projector in 1 frame in calibration mode (us),Numeric,8000,,,,,,,,,,,,,,,,,,,,,
StimulusBluePowerToRedPowerRatio,Scaling factor for the amount of blue light power density for every unit of red light power density (unitless),Numeric,1,,,,,,,,,,,,,,,,,,,,,
RemotePath,Location of the Data Folder on Cluster,String,/tigress/LEIFER/Mochi/APIData/,,,,,,,,,,,,,,,,,,,,/tigress/LEIFER/Mochi/APIData/,/tigress/LEIFER/Sandeep/APIData/
LocalPath,Where on the local machine to save data,String,D:\Data\,,,,,,,,,,,,,,,,,,,,,
Mask,Worm Tracker Mask Image,String,0,,,,,,,,,,,,,,,,,,,,,
PlottingFrameRate,Ananlyzed Video Plotting Frame Rate (frames/s),Numeric,2,,,,,,,,,,,,,,,30,,,,30,,
IndividualVideoPlottingFrameRate,Individual Video Plot Frame Rate (frames/s),Numeric,0,,,,,,,,,,,,,,,0,,,,30,,
MinAverageWormArea,Min Average Worm Size (pixels),Numeric,40,,,,,,,,,,,,,,,,,,,,,
MinTrackLength,The minimum track length. Tracks shorter will be deleted. (s),Numeric,10,,,,,,,,,,,,,,,,,,,,,
pca_batchSize,batch size for running online PCA,Numeric,20000,,,,,,,,,,,,,,,,,,,,,
numProjections,number of projections to find in PCA,Numeric,100,,,,,,,,,,,,,,,,,,,,,
pcaModes,number of PCA modes to use in later analyses,Numeric,5,,,,,,,,,,,,,,,,,,,,,
numPeriods,number of wavelet frequencies to use,Numeric,25,,,,,,,,,,,,,,,,,,,,,
omega0,dimensionless Morlet wavelet parameter,Numeric,5,,,,,,,,,,,,,,,,,,,,,
minF,minimum frequency for wavelet transform (Hz),Numeric,0.3,,,,,,,,,,,,,,,,,,,,,
maxF,maximum frequency for wavelet transform (Hz),Numeric,7,,,,,,,,,,,,,,,,,,,,,
perplexity,2^H (H is the transition entropy),Numeric,32,,,,,,,,,,,,,,,,,,,,,
relTol,relative convergence criterium for t-SNE,Numeric,1.00E-04,,,,,,,,,,,,,,,,,,,,,
num_tsne_dim,number of dimensions for use in t-SNE,Numeric,2,,,,,,,,,,,,,,,,,,,,,
sigmaTolerance,binary search tolerance for finding pointwise transition region,Numeric,1.00E-05,,,,,,,,,,,,,,,,,,,,,
maxNeighbors,maximum number of non-zero neighbors in P,Numeric,200,,,,,,,,,,,,,,,,,,,,,
momentum,initial momentum,Numeric,0.5,,,,,,,,,,,,,,,,,,,,,
final_momentum,value to which momentum is changed,Numeric,0.8,,,,,,,,,,,,,,,,,,,,,
mom_switch_iter,iteration at which momentum is changed,Numeric,250,,,,,,,,,,,,,,,,,,,,,
stop_lying_iter,iteration at which lying about P-values is stopped,Numeric,125,,,,,,,,,,,,,,,,,,,,,
lie_multiplier,degree of P-value expansion at early iterations,Numeric,3,,,,,,,,,,,,,,,,,,,,,
max_iter,maximum number of iterations,Numeric,1000,,,,,,,,,,,,,,,,,,,,,
epsilon,initial learning rate,Numeric,500,,,,,,,,,,,,,,,,,,,,,
min_gain,minimum gain for delta-bar-delta,Numeric,0.01,,,,,,,,,,,,,,,,,,,,,
tsne_readout,readout variable for t-SNE,Numeric,1,,,,,,,,,,,,,,,,,,,,,
embedding_batchSize,embedding batchsize,Numeric,20000,,,,,,,,,,,,,,,,,,,,,
maxOptimIter,maximum number of iterations for the Nelder-Mead algorithm,Numeric,100,,,,,,,,,,,,,,,,,,,,,
trainingSetSize,number of points in the training set,Numeric,55000,,,,,,,,,,,,,,,,,,,,,
kdNeighbors,local neighborhood definition in training set creation,Numeric,5,,,,,,,,,,,,,,,,,,,,,
training_relTol,t-SNE training set stopping critereon,Numeric,2.00E-03,,,,,,,,,,,,,,,,,,,,,
training_perplexity,t-SNE training set perplexity,Numeric,20,,,,,,,,,,,,,,,,,,,,,
training_numPoints,number of points to evaluate in each training set file,Numeric,10000,,,,,,,,,,,,,,,,,,,,,
minTemplateLength,minimum training set template length,Numeric,1,,,,,,,,,,,,,,,,,,,,,
subsamplingIterations,number of iterataions of t-SNE to perform to subsample,Numeric,10,,,,,,,,,,,,,,,,,,,,,
TrackOnly,Only do tracking. No centerlines and behavioral analysis,Numeric,0,,,,,,,,,,,,,,,,,,,,,
TrackingDebugMode,determines if we save deleted tracks and plots them,Numeric,0,,,,,,,,,,,,,,,,,,,,,
PlottingRawImage,plots the raw image instead of the binarized subtracted image,Numeric,1,,,,,,,,,,,,,,,,,,,,,
SaveIndividualImages,saves individual worm images,Numeric,1,,,,,,,,,,,,,,,,,,,,,
MaxStimulusLag,The maximum stimulus lag that is still reasonable. Beyond which we would interpolate through (s),Numeric,1,,,,,,,,,,,,,,,,,,,,,
TimeAroundProblemToCut,If  there is a centerline issue in auto_resolve_problems: how much time to cut out around the issue (s),Numeric,2,,,,,,,,,,,,,,,,,,,,,
StereotypedBehaviorMinTime,The minimum amount of time required in a watershed region for the algorithm to classify it as a sterotyped behavior (s),Numeric,0.5,,,,,,,,,,,,,,,,,,,,,
PostAnalysisNumberofMedianFilterImages,The number of median filter images used in post analysis,Numeric,20,,,,,,,,,,,,,,,,,,,,,
ClusterIPAddress,The IP address of della head node to submit processing jobs using SLURM currently della5,String,128.112.172.157,,,,,,,,,,,,,,,,,,,,,
CameraImagePlottingMultiplier,Scaling factor for plotting camera images relative to stimulus images,Numeric,1,,,,,,,,,,,,,,,,,,,,,
MinDisplacement,Minimum amount of distance required for a track to be valid (mm),Numeric,2,,,,,,,,,,,,,,,,,,,,,
MaxSpatialCorrection,Max distance we can correct for in real time beyond which requires recalibration (mm),Numeric,1.5,,,,,,,,,,,,,,,,,,,,,
SpatialCalibrationProjectorDotRadius,Radius of the dot used to draw the spatial calibration pattern (projector pixels),Numeric,3,3.000000,3.000000,3.000000,3.000000,,,,,,,,,,,,,,,,,
SpatialCalibrationCameraStepSize,The step size in between spatial calibration dots (camera pixel),Numeric,75.851852,75.851852,75.851852,75.851852,75.851852,,,,,,,,,,,,,,,,,
ProjectorSpatialCalibrationPoints,Projector coordinates used for generating the projector camera calibration (projector pixels X;Y;X;Y),String,,155.912018;491.272217;156.432251;465.781128;156.952469;440.290039;157.472702;414.798981;157.992920;389.307861;158.513153;363.816833;159.033386;338.325745;159.553604;312.834656;160.073837;287.343567;160.594055;261.852478;161.114288;236.361374;161.634506;210.870285;162.154739;185.379211;162.674957;159.888107;163.195190;134.397034;163.715408;108.905960;164.235641;83.414848;180.882889;517.283569;181.403107;491.792450;181.923340;466.301361;182.443558;440.810272;182.963791;415.319214;183.484009;389.828094;184.004242;364.337036;184.524475;338.845947;185.044693;313.354858;185.564926;287.863770;186.085144;262.372681;186.605377;236.881592;187.125595;211.390503;187.645828;185.899445;188.166046;160.408325;188.686279;134.917252;189.206497;109.426186;189.726730;83.935074;206.373962;517.803772;206.894196;492.312683;207.414429;466.821594;207.934647;441.330505;208.454880;415.839447;208.975098;390.348328;209.495331;364.857269;210.015549;339.366180;210.535782;313.875092;211.056000;288.384033;211.576233;262.892944;212.096451;237.401825;212.616684;211.910736;213.136902;186.419662;213.657135;160.928558;214.177368;135.437485;214.697586;109.946411;215.217819;84.455299;231.865051;518.323975;232.385284;492.832916;232.905502;467.341827;233.425735;441.850739;233.945953;416.359680;234.466187;390.868561;234.986404;365.377502;235.506638;339.886414;236.026855;314.395325;236.547089;288.904236;237.067322;263.413147;237.587540;237.922058;238.107773;212.430969;238.627991;186.939880;239.148224;161.448776;239.668442;135.957703;240.188675;110.466637;240.708893;84.975525;257.356140;518.844238;257.876373;493.353149;258.396576;467.862061;258.916809;442.370972;259.437042;416.879913;259.957275;391.388794;260.477478;365.897705;260.997711;340.406616;261.517944;314.915527;262.038177;289.424469;262.558411;263.933380;263.078613;238.442276;263.598846;212.951187;264.119080;187.460114;264.639313;161.969009;265.159515;136.477936;265.679749;110.986862;266.199982;85.495758;282.847229;519.364441;283.367462;493.873352;283.887665;468.382263;284.407898;442.891174;284.928131;417.400116;285.448364;391.908997;285.968597;366.417969;286.488800;340.926880;287.009033;315.435791;287.529266;289.944702;288.049500;264.453613;288.569702;238.962494;289.089935;213.471405;289.610168;187.980347;290.130402;162.489227;290.650604;136.998169;291.170837;111.507095;291.691071;86.015976;308.338318;519.884644;308.858521;494.393585;309.378754;468.902496;309.898987;443.411407;310.419220;417.920349;310.939423;392.429230;311.459656;366.938171;311.979889;341.447083;312.500122;315.955994;313.020355;290.464905;313.540558;264.973816;314.060791;239.482727;314.581024;213.991638;315.101257;188.500565;315.621460;163.009460;316.141693;137.518387;316.661926;112.027321;317.182159;86.536209;333.829407;520.404907;334.349609;494.913818;334.869843;469.422729;335.390076;443.931641;335.910309;418.440582;336.430511;392.949463;336.950745;367.458405;337.470978;341.967316;337.991211;316.476227;338.511444;290.985168;339.031647;265.494080;339.551880;240.002960;340.072113;214.511871;340.592346;189.020798;341.112549;163.529694;341.632782;138.038620;342.153015;112.547546;342.673248;87.056435;359.320496;520.925171;359.840729;495.434052;360.360931;469.942963;360.881165;444.451874;361.401398;418.960815;361.921631;393.469696;362.441833;367.978638;362.962067;342.487549;363.482300;316.996460;364.002533;291.505371;364.522766;266.014282;365.042969;240.523193;365.563202;215.032104;366.083435;189.541016;366.603668;164.049911;367.123871;138.558838;367.644104;113.067772;368.164337;87.576660;384.811554;521.445312;385.331787;495.954254;385.852020;470.463165;386.372253;444.972076;386.892456;419.481018;387.412689;393.989899;387.932922;368.498840;388.453156;343.007751;388.973389;317.516663;389.493591;292.025604;390.013824;266.534515;390.534058;241.043411;391.054291;215.552322;391.574493;190.061249;392.094727;164.570129;392.614960;139.079071;393.135193;113.587997;393.655426;88.096886;410.302643;521.965576;410.822876;496.474487;411.343109;470.983398;411.863342;445.492310;412.383575;420.001251;412.903778;394.510132;413.424011;369.019073;413.944244;343.527985;414.464478;318.036896;414.984680;292.545837;415.504913;267.054749;416.025146;241.563629;416.545380;216.072540;417.065613;190.581482;417.585815;165.090363;418.106049;139.599289;418.626282;114.108223;419.146515;88.617111;435.793732;522.485840;436.313965;496.994720;436.834198;471.503632;437.354431;446.012543;437.874664;420.521484;438.394867;395.030365;438.915100;369.539307;439.435333;344.048218;439.955566;318.557129;440.475769;293.066040;440.996002;267.574951;441.516235;242.083862;442.036469;216.592773;442.556702;191.101700;443.076904;165.610596;443.597137;140.119522;444.117371;114.628448;444.637604;89.137337;461.284821;523.006042;461.805054;497.514954;462.325287;472.023865;462.845520;446.532776;463.365753;421.041718;463.885956;395.550598;464.406189;370.059540;464.926422;344.568451;465.446655;319.077362;465.966858;293.586273;466.487091;268.095184;467.007324;242.604095;467.527557;217.113007;468.047791;191.621918;468.567993;166.130814;469.088226;140.639740;469.608459;115.148674;470.128693;89.657562;486.775909;523.526245;487.296143;498.035187;487.816376;472.544098;488.336578;447.053009;488.856812;421.561951;489.377045;396.070831;489.897278;370.579773;490.417480;345.088684;490.937714;319.597595;491.457947;294.106506;491.978180;268.615417;492.498383;243.124313;493.018616;217.633224;493.538849;192.142151;494.059082;166.651047;494.579315;141.159973;495.099518;115.668900;495.619751;90.177788;512.267029;524.046509;512.787231;498.555389;513.307495;473.064301;513.827698;447.573212;514.347900;422.082153;514.868164;396.591034;515.388367;371.099976;515.908569;345.608887;516.428833;320.117798;516.949036;294.626740;517.469299;269.135651;517.989502;243.644547;518.509705;218.153442;519.029968;192.662384;519.550171;167.171265;520.070435;141.680206;520.590637;116.189133;521.110840;90.698013;537.758057;524.566711;538.278259;499.075623;538.798523;473.584534;539.318726;448.093445;539.838989;422.602386;540.359192;397.111267;540.879395;371.620209;541.399658;346.129120;541.919861;320.638031;542.440125;295.146973;542.960327;269.655884;543.480530;244.164764;544.000793;218.673676;544.520996;193.182602;545.041260;167.691498;545.561462;142.200424;546.081665;116.709351;546.601929;91.218246;563.249146;525.086914;563.769348;499.595856;564.289612;474.104767;564.809814;448.613678;565.330078;423.122620;565.850281;397.631500;566.370483;372.140442;566.890747;346.649353;567.410950;321.158264;567.931213;295.667175;568.451416;270.176086;568.971619;244.684998;569.491882;219.193909;570.012085;193.702820;570.532349;168.211731;571.052551;142.720642;571.572754;117.229584;572.093018;91.738464;588.740234;525.607178;589.260437;500.116089;589.780701;474.625000;590.300903;449.133911;590.821167;423.642853;591.341370;398.151733;591.861572;372.660675;592.381836;347.169556;592.902039;321.678467;593.422302;296.187408;593.942505;270.696320;594.462708;245.205215;594.982971;219.714127;595.503174;194.223053;596.023437;168.731949;596.543640;143.240875;597.063843;117.749809;597.584106;92.258698;614.231323;526.127380;614.751526;500.636292;615.271790;475.145203;615.791992;449.654114;616.312256;424.163055;616.832458;398.671936;617.352661;373.180878;617.872925;347.689819;618.393127;322.198730;618.913391;296.707642;619.433594;271.216553;619.953796;245.725449;620.474060;220.234360;620.994263;194.743286;621.514526;169.252167;622.034729;143.761108;622.554932;118.270035;623.075195;92.778923;639.722412;526.647583;640.242615;501.156525;640.762817;475.665436;641.283081;450.174347;641.803284;424.683289;642.323547;399.192169;642.843750;373.701111;643.363953;348.210022;643.884216;322.718933;644.404419;297.227844;644.924622;271.736755;645.444885;246.245667;645.965088;220.754578;646.485352;195.263519;647.005554;169.772400;647.525757;144.281326;648.046021;118.790260;648.566223;93.299149;665.213501;527.167847;665.733704;501.676758;666.253967;476.185669;666.774170;450.694580;667.294434;425.203522;667.814636;399.712402;668.334839;374.221344;668.855103;348.730255;669.375305;323.239166;669.895569;297.748108;670.415771;272.257019;670.935974;246.765900;671.456238;221.274811;671.976440;195.783737;672.496704;170.292633;673.016907;144.801559;673.537109;119.310486;674.057373;93.819374;690.704590;527.688110;691.224792;502.196991;691.744995;476.705902;692.265259;451.214813;692.785461;425.723755;693.305725;400.232635;693.825928;374.741577;694.346130;349.250488;694.866394;323.759399;695.386597;298.268311;695.906799;272.777222;696.427063;247.286118;696.947266;221.795044;697.467529;196.303955;697.987732;170.812851;698.507935;145.321777;699.028198;119.830711;699.548401;94.339600;716.195679;528.208313;716.715881;502.717224;717.236145;477.226135;717.756348;451.735046;718.276611;426.243958;718.796814;400.752869;719.317017;375.261780;719.837280;349.770691;720.357483;324.279602;720.877747;298.788544;721.397949;273.297455;721.918152;247.806351;722.438416;222.315262;722.958618;196.824188;723.478882;171.333084;723.999084;145.842010;724.519287;120.350937;725.039551;94.859825;741.686768;528.728516;742.206970;503.237427;742.727234;477.746338;743.247437;452.255249;743.767700;426.764191;744.287903;401.273071;744.808105;375.782013;745.328369;350.290924;745.848572;324.799835;746.368835;299.308777;746.889038;273.817688;747.409241;248.326569;747.929504;222.835480;748.449707;197.344421;748.969971;171.853302;749.490173;146.362244;750.010376;120.871162;767.177856;529.248779;767.698059;503.757660;768.218323;478.266571;768.738525;452.775482;769.258789;427.284424;769.778992;401.793304;770.299194;376.302246;770.819458;350.811157;771.339661;325.320068;771.859924;299.828979;772.380127;274.337891;772.900330;248.846802;773.420593;223.355713;773.940796;197.864639;774.461060;172.373535;774.981262;146.882462;792.668945;529.768982;793.189148;504.277893;793.709412;478.786804;794.229614;453.295715;794.749817;427.804657;795.270081;402.313538;795.790283;376.822479;796.310547;351.331390;796.830750;325.840302;797.350952;300.349243;797.871216;274.858154;798.391418;249.367035;798.911682;223.875946;799.431885;198.384857;799.952087;172.893768;800.472351;147.402679;800.992554;121.911621,165.556137;480.177155;166.005081;456.050568;166.454025;431.923981;166.902969;407.797394;167.351913;383.670807;167.800858;359.544189;168.249802;335.417603;168.698746;311.290985;169.147690;287.164368;169.596634;263.037811;170.045578;238.911194;170.494522;214.784592;170.943466;190.657990;171.392410;166.531418;171.841354;142.404785;172.290298;118.278214;172.739243;94.151627;173.188187;70.025009;189.682739;480.626099;190.131683;456.499512;190.580627;432.372925;191.029572;408.246338;191.478516;384.119751;191.927460;359.993134;192.376404;335.866516;192.825348;311.739929;193.274292;287.613342;193.723236;263.486755;194.172180;239.360138;194.621124;215.233536;195.070068;191.106934;195.519012;166.980362;195.967957;142.853729;196.416901;118.727158;196.865845;94.600571;197.314789;70.473953;213.809326;481.075043;214.258270;456.948456;214.707214;432.821869;215.156158;408.695282;215.605103;384.568695;216.054047;360.442078;216.502991;336.315491;216.951950;312.188873;217.400894;288.062256;217.849838;263.935699;218.298782;239.809082;218.747726;215.682480;219.196671;191.555878;219.645615;167.429306;220.094559;143.302673;220.543503;119.176102;220.992447;95.049515;221.441391;70.922897;237.935928;481.523987;238.384872;457.397400;238.833817;433.270813;239.282761;409.144226;239.731705;385.017639;240.180649;360.891022;240.629593;336.764404;241.078537;312.637817;241.527481;288.511230;241.976425;264.384644;242.425369;240.258026;242.874313;216.131424;243.323257;192.004822;243.772202;167.878250;244.221146;143.751617;244.670090;119.625046;245.119034;95.498459;245.567978;71.371841;262.062531;481.972931;262.511475;457.846344;262.960419;433.719757;263.409363;409.593170;263.858307;385.466583;264.307251;361.339966;264.756195;337.213379;265.205139;313.086761;265.654083;288.960144;266.103027;264.833588;266.551971;240.706970;267.000916;216.580368;267.449860;192.453766;267.898804;168.327194;268.347748;144.200562;268.796692;120.073990;269.245636;95.947403;269.694580;71.820786;286.189117;482.421875;286.638062;458.295288;287.087006;434.168701;287.535950;410.042114;287.984894;385.915527;288.433838;361.788910;288.882782;337.662292;289.331726;313.535706;289.780670;289.409119;290.229614;265.282532;290.678558;241.155930;291.127502;217.029327;291.576447;192.902725;292.025391;168.776138;292.474335;144.649506;292.923279;120.522934;293.372223;96.396347;293.821167;72.269730;310.315704;482.870819;310.764648;458.744232;311.213593;434.617645;311.662537;410.491058;312.111481;386.364471;312.560425;362.237854;313.009369;338.111267;313.458313;313.984650;313.907257;289.858032;314.356201;265.731476;314.805145;241.604874;315.254089;217.478271;315.703033;193.351669;316.151978;169.225082;316.600922;145.098450;317.049866;120.971878;317.498810;96.845291;317.947754;72.718674;334.442322;483.319763;334.891266;459.193176;335.340210;435.066589;335.789154;410.940002;336.238098;386.813416;336.687042;362.686798;337.135986;338.560181;337.584930;314.433594;338.033875;290.307007;338.482819;266.180420;338.931763;242.053818;339.380707;217.927216;339.829651;193.800613;340.278595;169.674026;340.727539;145.547394;341.176483;121.420822;341.625427;97.294235;342.074371;73.167618;358.568939;483.768707;359.017883;459.642120;359.466827;435.515533;359.915771;411.388947;360.364716;387.262360;360.813660;363.135742;361.262604;339.009155;361.711548;314.882538;362.160492;290.755920;362.609436;266.629364;363.058380;242.502762;363.507324;218.376160;363.956268;194.249557;364.405212;170.122971;364.854156;145.996338;365.303101;121.869766;365.752045;97.743179;366.200989;73.616562;382.695496;484.217651;383.144440;460.091064;383.593384;435.964478;384.042328;411.837891;384.491272;387.711304;384.940216;363.584686;385.389160;339.458069;385.838104;315.331482;386.287048;291.204895;386.735992;267.078308;387.184937;242.951706;387.633881;218.825104;388.082825;194.698502;388.531769;170.571915;388.980713;146.445282;389.429657;122.318710;389.878601;98.192123;390.327545;74.065506;406.822113;484.666595;407.271057;460.540009;407.720001;436.413422;408.168945;412.286835;408.617889;388.160248;409.066833;364.033630;409.515778;339.907043;409.964722;315.780426;410.413666;291.653809;410.862610;267.527252;411.311554;243.400650;411.760498;219.274048;412.209442;195.147446;412.658386;171.020859;413.107330;146.894226;413.556274;122.767654;414.005219;98.641068;414.454163;74.514450;430.948700;485.115540;431.397644;460.988953;431.846588;436.862366;432.295532;412.735779;432.744476;388.609192;433.193420;364.482574;433.642365;340.355957;434.091309;316.229370;434.540253;292.102783;434.989197;267.976196;435.438141;243.849594;435.887085;219.722992;436.336029;195.596390;436.784973;171.469803;437.233917;147.343170;437.682861;123.216599;438.131805;99.090012;438.580750;74.963394;455.075287;485.564484;455.524231;461.437897;455.973175;437.311310;456.422119;413.184723;456.871063;389.058136;457.320007;364.931519;457.768951;340.804932;458.217896;316.678314;458.666840;292.551697;459.115784;268.425140;459.564728;244.298538;460.013672;220.171936;460.462616;196.045334;460.911560;171.918747;461.360504;147.792114;461.809448;123.665543;462.258392;99.538956;462.707367;75.412338;479.201904;486.013428;479.650848;461.886841;480.099792;437.760254;480.548737;413.633667;480.997681;389.507080;481.446625;365.380463;481.895569;341.253845;482.344513;317.127258;482.793457;293.000671;483.242401;268.874084;483.691345;244.747482;484.140289;220.620880;484.589233;196.494278;485.038177;172.367691;485.487122;148.241058;485.936066;124.114487;486.385010;99.987900;486.833954;75.861282;503.328522;486.462372;503.777466;462.335785;504.226410;438.209198;504.675354;414.082611;505.124298;389.956024;505.573242;365.829407;506.022186;341.702820;506.471130;317.576202;506.920074;293.449585;507.369019;269.323029;507.817963;245.196426;508.266907;221.069824;508.715851;196.943222;509.164795;172.816635;509.613739;148.690018;510.062683;124.563431;510.511627;100.436844;510.960571;76.310226;527.455078;486.911316;527.904053;462.784729;528.352966;438.658142;528.801941;414.531555;529.250854;390.404968;529.699829;366.278351;530.148743;342.151733;530.597717;318.025146;531.046631;293.898560;531.495605;269.771973;531.944519;245.645370;532.393494;221.518768;532.842407;197.392166;533.291382;173.265579;533.740295;149.138962;534.189270;125.012375;534.638184;100.885788;535.087158;76.759171;551.581665;487.360260;552.030579;463.233673;552.479553;439.107086;552.928467;414.980499;553.377441;390.853912;553.826355;366.727295;554.275330;342.600708;554.724243;318.474091;555.173218;294.347473;555.622131;270.220917;556.071106;246.094315;556.520020;221.967712;556.968994;197.841110;557.417908;173.714523;557.866882;149.587891;558.315796;125.461319;558.764771;101.334732;559.213684;77.208115;575.708252;487.809204;576.157227;463.682617;576.606140;439.556030;577.055115;415.429443;577.504028;391.302856;577.953003;367.176239;578.401917;343.049622;578.850891;318.923035;579.299805;294.796448;579.748779;270.669861;580.197693;246.543259;580.646667;222.416656;581.095581;198.290054;581.544556;174.163467;581.993469;150.036850;582.442444;125.910263;582.891357;101.783676;583.340332;77.657059;599.834839;488.258148;600.283813;464.131561;600.732727;440.004974;601.181702;415.878387;601.630615;391.751801;602.079590;367.625183;602.528503;343.498596;602.977478;319.371979;603.426392;295.245361;603.875366;271.118805;604.324280;246.992203;604.773254;222.865601;605.222168;198.738998;605.671143;174.612411;606.120056;150.485794;606.569031;126.359207;607.017944;102.232620;607.466919;78.106003;623.961487;488.707092;624.410400;464.580505;624.859375;440.453918;625.308289;416.327332;625.757263;392.200745;626.206177;368.074127;626.655151;343.947510;627.104065;319.820923;627.553040;295.694336;628.001953;271.567749;628.450928;247.441147;628.899841;223.314545;629.348816;199.187943;629.797729;175.061356;630.246704;150.934738;630.695618;126.808151;631.144592;102.681564;631.593506;78.554947;648.088074;489.156036;648.537048;465.029449;648.985962;440.902863;649.434937;416.776276;649.883850;392.649689;650.332825;368.523071;650.781738;344.396484;651.230713;320.269867;651.679626;296.143250;652.128601;272.016693;652.577515;247.890091;653.026489;223.763489;653.475403;199.636887;653.924377;175.510300;654.373291;151.383682;654.822266;127.257095;655.271179;103.130516;655.720154;79.003891;672.214661;489.604980;672.663635;465.478394;673.112549;441.351807;673.561523;417.225220;674.010437;393.098633;674.459412;368.972015;674.908325;344.845398;675.357300;320.718811;675.806213;296.592224;676.255188;272.465637;676.704102;248.339035;677.153076;224.212433;677.601990;200.085831;678.050964;175.959244;678.499878;151.832626;678.948853;127.706039;679.397766;103.579460;679.846741;79.452835;696.341309;490.053925;696.790222;465.927338;697.239197;441.800751;697.688110;417.674164;698.137085;393.547577;698.585999;369.420959;699.034973;345.294373;699.483887;321.167755;699.932861;297.041168;700.381775;272.914581;700.830750;248.787979;701.279663;224.661377;701.728638;200.534775;702.177551;176.408188;702.626526;152.281570;703.075439;128.154984;703.524414;104.028404;703.973328;79.901779;720.467834;490.502869;720.916809;466.376282;721.365723;442.249695;721.814697;418.123108;722.263611;393.996521;722.712585;369.869904;723.161499;345.743286;723.610474;321.616699;724.059387;297.490112;724.508362;273.363525;724.957275;249.236923;725.406250;225.110321;725.855164;200.983719;726.304138;176.857132;726.753052;152.730515;727.202026;128.603928;727.650940;104.477348;728.099915;80.350723;744.594421;490.951813;745.043396;466.825226;745.492310;442.698639;745.941284;418.572052;746.390198;394.445465;746.839172;370.318848;747.288086;346.192261;747.737061;322.065643;748.185974;297.939056;748.634949;273.812469;749.083862;249.685867;749.532837;225.559265;749.981750;201.432663;750.430725;177.306076;750.879639;153.179459;751.328613;129.052872;751.777527;104.926292;752.226501;80.799667;768.721069;491.400757;769.169983;467.274170;769.618958;443.147583;770.067871;419.020996;770.516846;394.894409;770.965759;370.767792;771.414734;346.641205;771.863647;322.514587;772.312622;298.388000;772.761536;274.261414;773.210510;250.134811;773.659424;226.008209;774.108398;201.881607;774.557312;177.755020;775.006287;153.628403;775.455200;129.501816;775.904175;105.375237;776.353088;81.248611,207.395721;492.312103;207.337677;469.926422;207.279648;447.540771;207.221619;425.155029;207.163589;402.769379;207.105560;380.383698;207.047516;357.998016;206.989487;335.612335;206.931458;313.226654;206.873428;290.841003;206.815384;268.455292;206.757355;246.069611;206.699326;223.683929;206.641296;201.298279;206.583267;178.912567;206.525223;156.526901;206.467194;134.141235;206.409164;111.755539;229.781387;492.254059;229.723358;469.868378;229.665329;447.482727;229.607300;425.097015;229.549271;402.711365;229.491226;380.325684;229.433197;357.940002;229.375168;335.554321;229.317139;313.168640;229.259109;290.782959;229.201065;268.397278;229.143036;246.011597;229.085007;223.625900;229.026978;201.240234;228.968933;178.854538;228.910904;156.468872;228.852875;134.083206;228.794846;111.697502;252.167068;492.196014;252.109039;469.810333;252.051010;447.424683;251.992981;425.039001;251.934937;402.653320;251.876907;380.267639;251.818878;357.881958;251.760849;335.496277;251.702820;313.110596;251.644775;290.724915;251.586746;268.339233;251.528717;245.953552;251.470688;223.567871;251.412643;201.182205;251.354614;178.796509;251.296585;156.410843;251.238556;134.025177;251.180527;111.639465;274.552765;492.138000;274.494720;469.752319;274.436676;447.366669;274.378662;424.980957;274.320618;402.595276;274.262604;380.209595;274.204559;357.823914;274.146515;335.438232;274.088501;313.052551;274.030457;290.666901;273.972443;268.281189;273.914398;245.895523;273.856354;223.509842;273.798340;201.124176;273.740295;178.738464;273.682251;156.352798;273.624237;133.967133;273.566193;111.581436;296.938416;492.079956;296.880402;469.694275;296.822357;447.308624;296.764343;424.922913;296.706299;402.537231;296.648254;380.151550;296.590240;357.765869;296.532196;335.380188;296.474182;312.994507;296.416138;290.608856;296.358093;268.223175;296.300079;245.837494;296.242035;223.451813;296.184021;201.066147;296.125977;178.680435;296.067932;156.294769;296.009918;133.909103;295.951874;111.523407;319.324127;492.021942;319.266083;469.636261;319.208038;447.250610;319.150024;424.864868;319.091980;402.479218;319.033966;380.093536;318.975922;357.707855;318.917877;335.322174;318.859863;312.936493;318.801819;290.550842;318.743805;268.165131;318.685760;245.779449;318.627716;223.393768;318.569702;201.008102;318.511658;178.622406;318.453613;156.236740;318.395599;133.851074;318.337555;111.465378;341.709808;491.963898;341.651764;469.578217;341.593719;447.192566;341.535706;424.806854;341.477661;402.421204;341.419647;380.035522;341.361603;357.649841;341.303558;335.264160;341.245544;312.878479;341.187500;290.492798;341.129456;268.107117;341.071442;245.721436;341.013397;223.335739;340.955383;200.950073;340.897339;178.564377;340.839294;156.178711;340.781281;133.793045;340.723236;111.407341;364.095490;491.905853;364.037445;469.520172;363.979401;447.134521;363.921387;424.748840;363.863342;402.363159;363.805328;379.977478;363.747284;357.591797;363.689240;335.206116;363.631226;312.820435;363.573181;290.434753;363.515137;268.049072;363.457123;245.663391;363.399078;223.277710;363.341064;200.892044;363.283020;178.506348;363.224976;156.120682;363.166962;133.735016;363.108917;111.349304;386.481171;491.847839;386.423126;469.462158;386.365082;447.076508;386.307068;424.690796;386.249023;402.305115;386.191010;379.919434;386.132965;357.533752;386.074921;335.148071;386.016907;312.762390;385.958862;290.376740;385.900818;267.991028;385.842804;245.605362;385.784760;223.219681;385.726746;200.834015;385.668701;178.448303;385.610657;156.062637;385.552643;133.676971;385.494598;111.291275;408.866821;491.789795;408.808807;469.404114;408.750763;447.018463;408.692719;424.632751;408.634705;402.247070;408.576660;379.861389;408.518646;357.475708;408.460602;335.090027;408.402557;312.704346;408.344543;290.318695;408.286499;267.933014;408.228455;245.547333;408.170441;223.161652;408.112396;200.775970;408.054382;178.390274;407.996338;156.004608;407.938293;133.618942;407.880280;111.233246;431.252502;491.731781;431.194489;469.346100;431.136444;446.960449;431.078400;424.574707;431.020386;402.189056;430.962341;379.803375;430.904327;357.417694;430.846283;335.032013;430.788239;312.646332;430.730225;290.260681;430.672180;267.874969;430.614136;245.489288;430.556122;223.103607;430.498077;200.717941;430.440063;178.332245;430.382019;155.946579;430.323975;133.560913;430.265961;111.175209;453.638184;491.673737;453.580170;469.288055;453.522125;446.902405;453.464081;424.516693;453.406067;402.131042;453.348022;379.745361;453.290009;357.359680;453.231964;334.973999;453.173920;312.588318;453.115906;290.202637;453.057861;267.816956;452.999817;245.431274;452.941803;223.045578;452.883759;200.659912;452.825745;178.274216;452.767700;155.888550;452.709656;133.502869;452.651642;111.117172;476.023865;491.615692;475.965851;469.230011;475.907806;446.844360;475.849762;424.458679;475.791748;402.072998;475.733704;379.687317;475.675690;357.301636;475.617645;334.915955;475.559601;312.530273;475.501587;290.144592;475.443542;267.758911;475.385498;245.373230;475.327484;222.987549;475.269440;200.601883;475.211426;178.216187;475.153381;155.830505;475.095337;133.444839;475.037323;111.059143;498.409546;491.557678;498.351501;469.171997;498.293457;446.786346;498.235443;424.400635;498.177399;402.014954;498.119385;379.629272;498.061340;357.243591;498.003296;334.857910;497.945282;312.472229;497.887238;290.086578;497.829224;267.700867;497.771179;245.315201;497.713135;222.929520;497.655121;200.543854;497.597076;178.158142;497.539062;155.772476;497.481018;133.386810;497.422974;111.001114;520.795227;491.499634;520.737244;469.113953;520.679199;446.728302;520.621155;424.342590;520.563110;401.956909;520.505066;379.571228;520.447083;357.185547;520.389038;334.799866;520.330994;312.414185;520.272949;290.028534;520.214905;267.642853;520.156860;245.257172;520.098877;222.871490;520.040833;200.485809;519.982788;178.100113;519.924744;155.714447;519.866699;133.328781;519.808716;110.943085;543.180908;491.441589;543.122864;469.055908;543.064880;446.670258;543.006836;424.284546;542.948792;401.898895;542.890747;379.513214;542.832703;357.127533;542.774719;334.741852;542.716675;312.356171;542.658630;289.970520;542.600586;267.584808;542.542542;245.199127;542.484558;222.813446;542.426514;200.427780;542.368469;178.042084;542.310425;155.656418;542.252380;133.270752;542.194397;110.885048;565.566589;491.383575;565.508545;468.997894;565.450500;446.612244;565.392456;424.226532;565.334412;401.840881;565.276428;379.455200;565.218384;357.069519;565.160339;334.683838;565.102295;312.298157;565.044250;289.912476;564.986267;267.526794;564.928223;245.141098;564.870178;222.755417;564.812134;200.369751;564.754089;177.984055;564.696106;155.598389;564.638062;133.212708;564.580017;110.827011;587.952271;491.325531;587.894226;468.939850;587.836243;446.554199;587.778198;424.168518;587.720154;401.782837;587.662109;379.397156;587.604065;357.011475;587.546082;334.625793;587.488037;312.240112;587.429993;289.854431;587.371948;267.468750;587.313904;245.083069;587.255920;222.697388;587.197876;200.311722;587.139832;177.926010;587.081787;155.540344;587.023743;133.154678;586.965759;110.768982;610.337952;491.267517;610.279907;468.881836;610.221863;446.496185;610.163818;424.110474;610.105774;401.724792;610.047791;379.339111;609.989746;356.953430;609.931702;334.567749;609.873657;312.182068;609.815613;289.796417;609.757629;267.410706;609.699585;245.025040;609.641541;222.639343;609.583496;200.253693;609.525452;177.867981;609.467468;155.482315;609.409424;133.096649;609.351379;110.710953;632.723633;491.209473;632.665588;468.823792;632.607544;446.438141;632.549500;424.052429;632.491455;401.666748;632.433472;379.281067;632.375427;356.895386;632.317383;334.509705;632.259338;312.124023;632.201294;289.738373;632.143311;267.352692;632.085266;244.967010;632.027222;222.581314;631.969177;200.195648;631.911133;177.809952;631.853149;155.424286;631.795105;133.038620;631.737061;110.652916;655.109314;491.151428;655.051270;468.765747;654.993225;446.380096;654.935181;423.994385;654.877136;401.608734;654.819153;379.223053;654.761108;356.837372;654.703064;334.451691;654.645020;312.066010;654.586975;289.680359;654.528992;267.294647;654.470947;244.908966;654.412903;222.523285;654.354858;200.137619;654.296814;177.751923;654.238831;155.366257;654.180786;132.980591;654.122742;110.594879;677.494995;491.093414;677.436951;468.707733;677.378906;446.322083;677.320862;423.936371;677.262817;401.550720;677.204834;379.165039;677.146790;356.779358;677.088745;334.393677;677.030701;312.007996;676.972656;289.622314;676.914673;267.236633;676.856628;244.850937;676.798584;222.465256;676.740540;200.079590;676.682495;177.693893;676.624512;155.308228;676.566467;132.922546;676.508423;110.536850;699.880676;491.035370;699.822632;468.649689;699.764587;446.264038;699.706543;423.878326;699.648499;401.492676;699.590515;379.106995;699.532471;356.721313;699.474426;334.335632;699.416382;311.949951;699.358337;289.564270;699.300354;267.178589;699.242310;244.792908;699.184265;222.407227;699.126221;200.021561;699.068176;177.635849;699.010193;155.250183;698.952148;132.864517;698.894104;110.478821;722.266357;490.977356;722.208313;468.591675;722.150269;446.206024;722.092224;423.820312;722.034180;401.434631;721.976196;379.048950;721.918152;356.663269;721.860107;334.277588;721.802063;311.891907;721.744019;289.506226;721.686035;267.120544;721.627991;244.734863;721.569946;222.349182;721.511902;199.963531;721.453857;177.577820;721.395874;155.192154;721.337830;132.806488;721.279785;110.420792;744.652039;490.919312;744.593994;468.533630;744.535950;446.147980;744.477905;423.762268;744.419861;401.376587;744.361877;378.990906;744.303833;356.605225;744.245789;334.219543;744.187744;311.833862;744.129700;289.448212;744.071716;267.062531;744.013672;244.676849;743.955627;222.291153;743.897583;199.905487;743.839539;177.519791;743.781555;155.134125;743.723511;132.748459;767.037720;490.861267;766.979675;468.475586;766.921631;446.089935;766.863586;423.704224;766.805542;401.318573;766.747559;378.932892;766.689514;356.547211;766.631470;334.161530;766.573425;311.775848;766.515381;289.390198;766.457397;267.004486;766.399353;244.618805;766.341309;222.233124;766.283264;199.847458;766.225220;177.461761;766.167236;155.076096;766.109192;132.690430,139.756012;470.517181;140.159592;447.326141;140.563187;424.135101;140.966782;400.944061;141.370377;377.752991;141.773972;354.561981;142.177567;331.370941;142.581146;308.179871;142.984741;284.988831;143.388336;261.797791;143.791931;238.606750;144.195526;215.415695;144.599121;192.224640;145.002701;169.033600;145.406296;145.842545;145.809891;122.651512;146.213486;99.460480;146.617081;76.269409;162.947052;470.920776;163.350647;447.729736;163.754242;424.538696;164.157822;401.347656;164.561417;378.156586;164.965012;354.965576;165.368607;331.774536;165.772202;308.583466;166.175797;285.392395;166.579376;262.201385;166.982971;239.010345;167.386566;215.819290;167.790161;192.628235;168.193756;169.437195;168.597351;146.246140;169.000946;123.055107;169.404526;99.864075;169.808121;76.673004;186.138092;471.324371;186.541687;448.133331;186.945282;424.942291;187.348877;401.751251;187.752472;378.560181;188.156067;355.369141;188.559647;332.178101;188.963242;308.987061;189.366837;285.796021;189.770432;262.604980;190.174026;239.413940;190.577621;216.222885;190.981201;193.031830;191.384796;169.840790;191.788391;146.649719;192.191986;123.458694;192.595581;100.267662;192.999176;77.076599;209.329147;471.727966;209.732727;448.536926;210.136322;425.345886;210.539917;402.154846;210.943512;378.963776;211.347107;355.772766;211.750702;332.581726;212.154282;309.390656;212.557877;286.199585;212.961472;263.008575;213.365067;239.817520;213.768661;216.626465;214.172256;193.435425;214.575836;170.244385;214.979431;147.053314;215.383026;123.862289;215.786621;100.671257;216.190216;77.480186;232.520187;472.131561;232.923782;448.940521;233.327362;425.749481;233.730957;402.558441;234.134552;379.367371;234.538147;356.176331;234.941742;332.985291;235.345337;309.794250;235.748917;286.603210;236.152512;263.412170;236.556107;240.221115;236.959702;217.030060;237.363297;193.839020;237.766891;170.647980;238.170486;147.456909;238.574066;124.265884;238.977661;101.074852;239.381256;77.883781;255.711227;472.535156;256.114838;449.344116;256.518433;426.153076;256.921997;402.962036;257.325592;379.770966;257.729187;356.579956;258.132782;333.388916;258.536377;310.197845;258.939972;287.006775;259.343567;263.815765;259.747162;240.624710;260.150757;217.433655;260.554352;194.242615;260.957947;171.051575;261.361542;147.860504;261.765106;124.669472;262.168701;101.478439;262.572296;78.287369;278.902252;472.938751;279.305847;449.747711;279.709442;426.556671;280.113037;403.365631;280.516632;380.174561;280.920227;356.983521;281.323822;333.792480;281.727417;310.601440;282.131012;287.410400;282.534607;264.219360;282.938202;241.028290;283.341797;217.837250;283.745361;194.646194;284.148956;171.455170;284.552551;148.264099;284.956146;125.073067;285.359741;101.882034;285.763336;78.690964;302.093323;473.342346;302.496918;450.151306;302.900513;426.960266;303.304108;403.769226;303.707703;380.578156;304.111298;357.387115;304.514862;334.196075;304.918457;311.005005;305.322052;287.813965;305.725647;264.622925;306.129242;241.431885;306.532837;218.240845;306.936432;195.049789;307.340027;171.858765;307.743622;148.667694;308.147217;125.476662;308.550812;102.285629;308.954407;79.094559;325.284363;473.745941;325.687958;450.554901;326.091553;427.363861;326.495148;404.172821;326.898743;380.981750;327.302338;357.790710;327.705933;334.599670;328.109528;311.408630;328.513123;288.217560;328.916718;265.026550;329.320312;241.835480;329.723877;218.644440;330.127472;195.453384;330.531067;172.262344;330.934662;149.071289;331.338257;125.880249;331.741852;102.689224;332.145447;79.498154;348.475403;474.149536;348.878998;450.958496;349.282593;427.767456;349.686188;404.576416;350.089752;381.385345;350.493347;358.194305;350.896942;335.003265;351.300537;311.812195;351.704132;288.621155;352.107727;265.430115;352.511322;242.239075;352.914917;219.048035;353.318512;195.856964;353.722107;172.665939;354.125702;149.474869;354.529297;126.283844;354.932892;103.092812;355.336456;79.901741;371.666443;474.553101;372.070038;451.362061;372.473633;428.171021;372.877228;404.979980;373.280823;381.788910;373.684418;358.597900;374.088013;335.406860;374.491608;312.215820;374.895203;289.024750;375.298798;265.833740;375.702393;242.642670;376.105957;219.451630;376.509552;196.260559;376.913147;173.069534;377.316742;149.878464;377.720337;126.687439;378.123932;103.496407;378.527527;80.305336;394.857513;474.956696;395.261108;451.765656;395.664703;428.574615;396.068298;405.383575;396.471863;382.192505;396.875458;359.001495;397.279053;335.810455;397.682648;312.619385;398.086243;289.428345;398.489838;266.237305;398.893433;243.046265;399.297028;219.855225;399.700623;196.664154;400.104218;173.473129;400.507812;150.282059;400.911407;127.091026;401.315002;103.899994;401.718567;80.708923;418.048553;475.360291;418.452148;452.169250;418.855743;428.978210;419.259338;405.787170;419.662933;382.596100;420.066528;359.405090;420.470123;336.214050;420.873718;313.023010;421.277313;289.831940;421.680908;266.640930;422.084503;243.449860;422.488068;220.258804;422.891663;197.067749;423.295258;173.876724;423.698853;150.685654;424.102448;127.494621;424.506042;104.303589;424.909637;81.112518;441.239594;475.763885;441.643188;452.572845;442.046783;429.381805;442.450378;406.190765;442.853973;382.999695;443.257568;359.808655;443.661163;336.617615;444.064758;313.426575;444.468323;290.235535;444.871918;267.044495;445.275513;243.853439;445.679108;220.662399;446.082703;197.471344;446.486298;174.280304;446.889893;151.089249;447.293488;127.898216;447.697083;104.707184;448.100677;81.516113;464.430664;476.167480;464.834259;452.976440;465.237854;429.785400;465.641449;406.594360;466.045044;383.403290;466.448639;360.212280;466.852234;337.021240;467.255829;313.830170;467.659393;290.639099;468.062988;267.448090;468.466583;244.257034;468.870178;221.065994;469.273773;197.874939;469.677368;174.683899;470.080963;151.492828;470.484558;128.301804;470.888153;105.110779;471.291748;81.919708;487.621704;476.571075;488.025299;453.380035;488.428894;430.188995;488.832489;406.997955;489.236084;383.806885;489.639679;360.615845;490.043274;337.424805;490.446869;314.233765;490.850433;291.042725;491.254028;267.851685;491.657623;244.660629;492.061218;221.469574;492.464813;198.278534;492.868408;175.087494;493.272003;151.896423;493.675598;128.705399;494.079193;105.514366;494.482788;82.323303;510.812714;476.974670;511.216309;453.783630;511.619904;430.592590;512.023499;407.401550;512.427124;384.210480;512.830688;361.019470;513.234314;337.828430;513.637878;314.637360;514.041443;291.446289;514.445068;268.255280;514.848633;245.064224;515.252258;221.873169;515.655823;198.682129;516.059448;175.491089;516.463013;152.300018;516.866638;129.108994;517.270203;105.917961;517.673828;82.726891;534.003784;477.378265;534.407410;454.187225;534.810974;430.996185;535.214600;407.805145;535.618164;384.614075;536.021790;361.423035;536.425354;338.231995;536.828979;315.040955;537.232544;291.849915;537.636108;268.658875;538.039734;245.467819;538.443298;222.276764;538.846924;199.085724;539.250488;175.894684;539.654114;152.703613;540.057678;129.512589;540.461304;106.321556;540.864868;83.130486;557.194824;477.781860;557.598450;454.590820;558.002014;431.399780;558.405640;408.208740;558.809204;385.017670;559.212830;361.826660;559.616394;338.635620;560.020020;315.444550;560.423584;292.253479;560.827148;269.062469;561.230774;245.871414;561.634338;222.680359;562.037964;199.489304;562.441528;176.298279;562.845154;153.107208;563.248718;129.916168;563.652344;106.725143;564.055908;83.534073;580.385864;478.185455;580.789429;454.994415;581.193054;431.803375;581.596619;408.612335;582.000244;385.421265;582.403809;362.230225;582.807434;339.039185;583.210999;315.848145;583.614563;292.657074;584.018188;269.466064;584.421753;246.274994;584.825378;223.083954;585.228943;199.892899;585.632568;176.701874;586.036133;153.510803;586.439758;130.319763;586.843323;107.128738;587.246948;83.937668;603.576904;478.589050;603.980530;455.398010;604.384094;432.206970;604.787720;409.015930;605.191284;385.824860;605.594910;362.633820;605.998474;339.442780;606.402100;316.251709;606.805664;293.060669;607.209229;269.869629;607.612854;246.678589;608.016418;223.487549;608.420044;200.296494;608.823608;177.105469;609.227234;153.914398;609.630798;130.723358;610.034424;107.532333;610.437988;84.341263;626.767944;478.992645;627.171570;455.801605;627.575134;432.610565;627.978760;409.419525;628.382324;386.228455;628.785950;363.037415;629.189514;339.846375;629.593140;316.655334;629.996704;293.464264;630.400269;270.273254;630.803894;247.082184;631.207458;223.891144;631.611084;200.700073;632.014648;177.509048;632.418274;154.317993;632.821838;131.126953;633.225464;107.935921;633.629028;84.744858;649.959045;479.396240;650.362610;456.205200;650.766235;433.014160;651.169800;409.823120;651.573425;386.632050;651.976990;363.441010;652.380615;340.249969;652.784180;317.058899;653.187744;293.867859;653.591370;270.676819;653.994934;247.485779;654.398560;224.294739;654.802124;201.103668;655.205750;177.912643;655.609314;154.721573;656.012939;131.530548;656.416504;108.339516;656.820129;85.148445;673.150085;479.799805;673.553650;456.608765;673.957275;433.417725;674.360840;410.226685;674.764465;387.035614;675.168030;363.844604;675.571655;340.653564;675.975220;317.462524;676.378784;294.271454;676.782410;271.080444;677.185974;247.889374;677.589600;224.698334;677.993164;201.507263;678.396790;178.316238;678.800354;155.125168;679.203979;131.934143;679.607544;108.743111;680.011169;85.552040;696.341187;480.203400;696.744751;457.012360;697.148315;433.821320;697.551941;410.630280;697.955505;387.439209;698.359131;364.248199;698.762695;341.057159;699.166321;317.866089;699.569885;294.675049;699.973511;271.484009;700.377075;248.292969;700.780701;225.101913;701.184265;201.910858;701.587891;178.719833;701.991455;155.528763;702.395020;132.337738;702.798645;109.146698;703.202209;85.955627;719.532227;480.606995;719.935791;457.415955;720.339355;434.224915;720.742981;411.033875;721.146545;387.842804;721.550171;364.651794;721.953735;341.460754;722.357361;318.269714;722.760925;295.078644;723.164551;271.887634;723.568115;248.696564;723.971741;225.505508;724.375305;202.314453;724.778931;179.123413;725.182495;155.932358;725.586060;132.741333;725.989685;109.550293;726.393250;86.359222,,,,,,,,,,,,,,,,,
CameraSpatialCalibrationPoints,Camera coordinates used for generating the projector camera calibration (camera pixels X;Y;X;Y),String,,78.992583;173.383189;76.000000;244.983936;76.987306;319.906911;74.511596;392.236016;75.809790;467.748252;77.098748;540.273992;75.932969;616.614227;77.407407;689.485450;76.142276;765.510840;78.536842;838.893421;77.948320;915.218346;80.377070;988.546497;80.522310;1064.586614;84.009840;1137.264453;83.796651;1213.049043;88.855758;1285.512727;90.316860;1360.679264;149.313466;96.689845;146.854167;168.225000;147.765896;243.547688;145.111717;315.622616;145.879213;390.984551;143.872973;463.864865;145.276653;539.870445;146.774799;613.218499;145.687075;689.859864;147.864793;763.214190;147.165789;840.068421;149.296149;913.573705;149.524804;989.934726;152.653846;1063.542308;152.649673;1139.419608;155.636485;1212.553928;156.751190;1288.691667;158.896907;1361.769447;218.711908;91.704225;219.278261;166.179710;216.798561;238.440288;217.798009;314.248933;215.745763;386.929379;216.767030;462.946866;215.493316;536.621658;216.706360;613.277402;218.540682;686.917323;217.572930;763.914586;219.847854;837.760728;219.217448;914.746094;222.407170;988.705506;222.127108;1065.601816;225.167526;1138.837629;225.560819;1214.989757;229.364183;1288.538462;229.623819;1364.479206;291.640106;89.333333;289.212465;161.529745;289.749650;236.450350;287.775372;309.468200;288.809396;385.681879;287.105548;459.125846;288.499345;535.984273;290.211538;610.124359;289.022814;687.017744;291.038798;761.414268;290.382206;838.769424;292.791560;912.730179;292.550847;990.440678;295.432400;1064.314251;295.543038;1140.977215;298.981156;1214.763819;299.577647;1291.428235;303.118110;1364.529528;361.872229;84.488918;362.794521;159.026027;360.642565;232.125512;361.744565;308.033967;359.942408;381.735602;361.218509;458.435733;359.489822;532.388041;361.474723;609.951911;363.277435;684.348952;362.404703;761.905941;364.635583;836.771779;364.560191;914.081049;367.086480;989.048721;366.757503;1066.120048;369.948339;1140.399754;370.220732;1217.103659;373.478747;1291.138702;374.277184;1367.312834;435.996236;82.195734;434.127771;154.591917;434.979784;230.339623;433.182631;303.825032;434.560000;380.260000;433.155583;454.723965;434.530227;532.142317;433.612319;606.661836;435.906212;684.667479;437.996483;759.618992;436.977907;837.434884;439.660116;912.608092;439.246575;990.210046;442.056754;1064.813848;441.962747;1142.217695;445.088710;1216.389401;445.405640;1291.020607;448.170358;1367.517036;508.022872;77.202033;508.990956;152.662791;507.590102;225.927665;508.890013;302.914033;507.047273;376.570909;508.761446;454.190361;507.521945;528.572954;509.361775;606.797497;511.247727;681.773864;510.691415;760.119490;513.187643;835.303204;512.568606;913.242591;514.868815;988.530495;514.827469;1063.650397;517.696188;1141.282511;518.011325;1215.622877;521.070010;1293.646813;521.036454;1367.253521;583.640000;75.403750;582.029563;147.960154;583.439173;224.417275;581.888361;298.634204;583.160523;375.801427;582.275176;450.420375;583.944690;528.453540;582.964680;603.603753;584.931741;681.912400;587.283784;757.730856;586.374582;836.180602;589.092945;911.711086;588.653333;986.795556;591.367841;1065.357930;591.248380;1140.269978;594.162225;1218.120510;593.938816;1293.041123;597.016300;1370.167889;656.872525;70.556931;658.184539;146.274314;656.699401;220.209581;658.539181;297.421053;657.274827;372.054273;659.020713;449.830840;658.130872;525.205817;660.015470;603.615470;659.292123;679.117068;661.755864;755.201493;663.858974;833.931624;663.637913;909.609159;665.979937;988.200634;665.305048;1064.037594;668.394505;1142.212088;668.098607;1217.075027;671.059512;1295.238049;671.289495;1369.591018;733.673519;68.594921;732.794872;141.978022;734.164733;219.200696;732.839477;293.266350;734.477273;371.064773;733.670354;446.657080;735.808279;524.970588;734.734694;600.830290;737.111111;676.649895;736.149582;755.667364;738.379418;831.544699;741.238730;910.788934;740.953830;986.349423;743.355277;1065.296761;742.991693;1140.728972;745.508386;1219.059748;745.448008;1294.631681;748.071375;1372.543952;808.101499;64.596309;809.985057;140.675862;808.784795;215.040936;810.557078;292.571918;809.798450;367.737542;812.101496;443.045940;810.895587;521.896663;813.379346;597.812883;812.516616;676.876133;814.819415;753.184760;817.248190;832.371251;816.729703;908.594059;818.994802;987.449064;818.593011;1063.323741;821.530591;1142.544304;820.881799;1217.916318;823.550495;1296.473267;822.738824;1371.287843;886.159664;63.563025;885.192045;136.778409;887.323564;211.310668;886.480181;288.945640;888.517203;364.162042;887.355932;443.018008;890.030519;518.770092;889.006073;597.887652;891.431000;674.328000;890.838773;753.649852;893.084466;830.016505;895.608949;909.712062;895.242394;985.815416;897.424797;1064.792683;897.120993;1140.585315;899.419223;1219.405930;898.981221;1295.699531;901.435897;1373.453243;961.660735;58.931198;963.593533;132.644342;962.829405;210.401796;965.042345;285.339848;964.606987;363.887555;966.300736;439.939012;966.057318;518.711361;968.380808;595.042424;967.687867;674.729941;969.948502;751.058989;969.477382;830.794033;971.866986;906.955024;974.300990;986.916832;973.780311;1063.201036;976.382260;1142.329461;975.620147;1218.232949;978.008507;1297.666352;977.038743;1372.635234;1040.279290;54.784615;1039.485227;131.427273;1042.238754;206.298731;1041.275138;284.636464;1043.765980;360.205850;1043.010215;439.527068;1045.605210;515.801603;1045.032164;595.167641;1047.536023;671.690682;1046.825964;751.603951;1049.067353;828.337699;1048.594727;908.291992;1051.227626;984.781128;1053.361895;1064.220766;1052.881198;1140.232438;1054.915638;1219.386831;1053.939906;1295.690141;1056.006757;1374.232733;1116.125587;54.564554;1118.746014;128.583144;1118.205157;206.497758;1120.882804;281.669222;1120.394624;360.439785;1122.784413;436.547571;1122.238285;515.935194;1124.795499;592.274951;1124.174364;672.380773;1126.514339;749.012951;1125.987464;829.078110;1128.370335;906.097608;1130.552434;985.647940;1130.222222;1062.352352;1132.419715;1141.924797;1131.857878;1217.976313;1133.731183;1297.483871;1132.662232;1372.849963;1195.461447;50.952550;1194.985294;127.824661;1198.028835;203.089965;1197.776432;280.889868;1200.512514;357.215452;1199.853683;436.452069;1202.495459;513.010091;1201.793035;592.844776;1204.533398;669.607938;1204.078095;749.505714;1206.359390;826.902765;1205.735323;906.807960;1207.776149;983.646139;1210.381618;1063.368631;1209.326653;1139.783567;1211.673828;1219.332031;1210.881308;1295.995327;1212.408992;1374.275562;1271.591765;50.922353;1274.670915;124.786790;1274.777778;203.028935;1277.421166;278.457883;1277.603448;357.332974;1280.211458;433.420833;1279.924180;513.231557;1282.331648;590.030334;1281.849222;670.037938;1284.636540;747.210884;1283.661706;827.270833;1286.316532;904.362903;1285.421599;984.531672;1287.429400;1061.364603;1290.200820;1140.887295;1288.787234;1217.259372;1290.732719;1297.056221;1289.158581;1372.883418;1351.407407;47.659544;1351.356052;124.381904;1354.549087;199.813927;1354.724176;278.237363;1357.578238;354.763731;1357.480465;433.669483;1359.961816;510.607843;1359.896341;590.407520;1362.492212;667.394600;1362.010848;747.841223;1364.328016;824.971087;1363.595918;905.134694;1366.246122;982.279214;1368.303271;1062.334985;1367.271630;1138.969819;1369.173038;1218.176056;1367.878957;1294.984171;1369.192641;1373.846320;1427.849476;47.534031;1431.181709;121.524669;1431.343353;200.463584;1434.421169;275.523705;1434.620915;354.697168;1437.824468;430.997872;1437.515560;510.791494;1440.240041;587.870276;1439.786243;667.936508;1442.539157;745.076305;1441.953000;825.582000;1444.276356;902.549642;1443.204975;982.741294;1445.117590;1059.963071;1447.163984;1139.846076;1446.192079;1215.950495;1447.737794;1295.967450;1446.156408;1372.083273;1507.163030;44.931964;1507.862884;122.106383;1511.273148;197.591435;1511.886667;276.114444;1514.761013;351.960352;1514.948553;431.220793;1518.225458;508.368932;1517.971519;587.962025;1520.761053;665.318947;1520.094837;745.530032;1522.933610;823.037344;1521.782839;903.237288;1523.957214;980.692537;1523.074000;1060.578000;1524.732615;1137.755142;1526.560711;1216.716683;1525.364376;1293.791139;1526.245351;1372.520744;1583.657718;45.476510;1587.091014;119.609447;1588.068605;198.076744;1591.621591;273.659091;1591.983854;352.693219;1595.079741;429.188578;1595.143617;508.827660;1598.108995;585.525926;1597.929250;666.137276;1600.575077;743.309499;1600.051073;823.518897;1602.299383;900.897119;1601.459290;981.296451;1603.384615;1058.447179;1601.742944;1137.864919;1603.541016;1214.216797;1604.733696;1294.469203;1602.821453;1370.862865;1662.983673;43.121088;1663.966708;120.487053;1667.769415;195.280765;1668.429054;274.247748;1671.701639;350.119126;1672.197121;429.643411;1675.608181;506.268030;1675.414347;586.239829;1678.029505;663.408851;1678.026504;743.892966;1680.210471;821.158115;1679.646756;901.600412;1681.310526;978.668421;1680.245187;1058.440729;1682.232448;1135.357685;1683.533730;1214.620040;1681.419503;1292.137994;1682.081988;1370.928571;1739.370988;43.292683;1743.310714;117.511905;1744.285885;196.100478;1748.260163;271.739837;1749.053837;350.744559;1752.243956;427.001099;1752.493492;506.984816;1755.678149;584.044133;1755.802998;664.080300;1758.216274;741.410064;1757.347826;821.816543;1759.638056;899.018614;1758.669661;978.898204;1760.397317;1056.333333;1759.178238;1135.793782;1760.559642;1212.362823;1761.766234;1292.475325;1759.280465;1368.537048;1817.832061;41.286260;1819.597291;119.203202;1823.844578;193.795181;1824.909416;272.430274;1828.394077;348.454442;1829.019934;427.715393;1832.511526;504.239297;1833.006424;584.256959;1835.711683;661.627010;1835.188945;742.093467;1837.720081;819.482759;1837.013171;899.423506;1838.670647;976.397015;1837.475560;1056.745418;1838.726166;1132.853955;1837.005976;1212.699203;1838.492431;1289.499555;1894.359091;42.790909;1899.613851;116.390346;1900.628697;194.420591;1904.320356;270.354839;1905.034595;349.008649;1908.871741;425.511992;1909.441451;505.355440;1913.143002;582.152130;1913.003968;661.794643;1915.745318;739.426966;1914.776812;819.348792;1916.823586;897.109300;1916.452690;976.346939;1917.939630;1053.841285;1916.143523;1133.219012;1917.504906;1209.262266;1970.539749;40.547071;1973.801236;118.151390;1979.441053;192.637895;1979.456044;271.191209;1984.031802;347.000000;1984.348592;426.742958;1988.557160;503.148014;1988.239583;583.291667;1991.112009;660.009238;1991.060850;740.144661;1993.452070;817.290850;1992.011050;897.468508;1994.704813;974.172193;1992.833876;1054.167210;1995.291069;1130.542448;1991.960899;1209.885630;1993.670937;1286.779023,82.932339;104.994266;80.077313;176.415716;77.412596;248.850900;78.452756;321.240157;76.250308;394.364982;77.422466;467.318681;75.399027;543.939173;77.225962;617.788462;75.784291;691.792497;78.021454;765.839094;77.075058;839.934180;76.778661;914.123723;79.739429;988.468571;79.992152;1061.996637;83.384790;1139.170261;84.012629;1212.603904;87.710280;1286.436137;88.073764;1359.164292;151.102273;98.764773;149.055627;174.358344;149.883571;246.745149;147.017544;319.370927;145.094611;392.556886;146.276622;466.331701;144.578571;540.172619;146.487805;614.260976;145.432591;688.678781;147.367749;766.052204;147.008083;840.489607;149.409040;915.202260;149.377104;989.502806;152.596774;1064.054147;152.663322;1138.123746;153.477916;1212.157418;156.923947;1286.562179;157.906854;1362.753076;221.463785;96.314252;219.076060;168.584788;219.445000;241.348750;217.730769;314.699752;218.329223;388.157830;216.935407;465.009569;218.195294;539.363529;217.218962;614.004515;215.673791;688.541057;218.238987;763.283040;217.809101;838.073252;220.476243;913.123757;220.277174;988.006522;223.068282;1066.030837;223.234763;1140.258465;226.880090;1214.625566;227.617043;1289.263860;228.129958;1362.675105;291.558324;90.433749;289.257557;166.292624;290.254635;239.046972;288.083433;312.786651;289.232798;386.477064;287.795612;460.930716;289.420814;535.346154;288.379888;610.393296;290.336303;685.669265;289.344334;763.906491;288.823789;839.078194;291.410229;914.329706;291.122186;989.592712;294.574737;1064.632632;294.935349;1139.231491;298.369198;1214.065401;298.851495;1292.000000;302.337349;1366.150201;363.168552;88.230769;363.769321;160.689696;361.776102;234.128770;359.822014;307.900468;361.412360;385.228090;359.894565;460.121739;361.752992;534.974973;360.485592;610.103522;362.628661;685.641213;361.759494;760.921941;364.080376;836.773486;363.939425;912.488706;363.559959;990.986789;366.598570;1066.318693;366.568769;1141.779731;369.932851;1216.681818;370.574811;1291.588068;373.556071;1366.376643;434.730853;85.416849;435.930365;158.039954;433.933481;232.195122;435.512432;306.272432;433.838503;381.056684;432.518837;455.910657;434.117944;531.132056;433.401216;606.678825;435.331673;685.435259;434.501499;761.291708;437.215534;837.305825;436.970326;913.127596;439.647817;989.360119;439.632512;1064.988177;439.742319;1140.510406;443.105366;1215.618537;443.865508;1294.210430;446.950636;1368.623037;507.434690;80.000000;508.797371;153.178532;507.271413;227.391546;508.728342;304.832086;507.125793;379.894292;509.064483;455.032753;508.149853;530.723800;506.960040;606.500500;509.258638;682.431392;508.419643;758.629960;510.841556;835.167932;510.581975;914.191755;513.426692;990.606203;513.445725;1066.424592;516.584354;1142.084826;516.690223;1217.966118;516.653080;1294.196558;520.186238;1369.060583;581.006349;77.757672;582.416404;151.074658;580.939896;225.374093;582.377131;300.205617;581.500000;375.380240;583.310982;451.110787;582.276353;526.960114;584.485661;606.160037;583.704545;682.564545;583.228022;759.052198;585.854167;835.478261;585.482094;911.921028;588.405678;988.504579;587.875233;1065.123836;590.825679;1141.340206;591.071633;1220.052531;594.095601;1296.415398;594.276581;1371.332870;658.203586;72.740506;656.741361;146.162304;655.336798;221.221414;657.252024;298.935223;655.838521;374.112840;658.037665;449.822034;657.337699;526.424696;659.543618;602.887971;658.564823;679.254760;661.293651;756.388889;660.774911;833.148577;663.276786;913.591071;663.190391;990.072954;663.093694;1066.641441;666.006458;1143.054428;665.932075;1219.248113;669.070690;1295.753448;669.169102;1371.054976;732.763374;70.841564;731.567149;144.936983;733.704985;219.743642;732.730503;294.761106;731.706049;370.739130;734.003728;446.568500;733.187161;526.156420;735.527656;602.948200;734.676897;679.694800;737.507054;756.581743;737.069374;833.526227;739.707836;911.007666;739.546233;987.584760;742.392765;1064.577089;742.014260;1144.287879;741.777778;1220.610185;744.958059;1298.068257;744.508690;1372.806150;808.135052;66.360825;807.402792;140.141575;809.361446;218.562249;808.501455;293.738118;810.628866;369.143393;810.169659;445.780072;812.589317;522.644483;811.695060;599.579216;811.227880;676.605175;813.634003;753.828308;813.104305;834.376656;816.091286;911.907054;815.496157;989.285226;818.437229;1066.518615;818.096238;1143.461942;821.059083;1220.335979;820.821985;1297.260870;820.404101;1373.138889;883.770661;62.839876;883.121058;137.229908;885.512124;212.797284;884.626992;289.188379;887.463242;365.460585;886.636763;445.693052;889.120851;522.450213;888.532125;599.502471;891.165590;676.722132;890.709135;754.120994;890.345710;831.775578;893.009662;909.491143;892.845700;986.916526;895.493322;1067.323873;894.995726;1144.223077;897.865554;1221.229350;897.214055;1298.870759;899.900531;1374.693634;960.106599;60.149239;962.820792;137.930693;962.288591;213.085331;961.614379;289.083100;964.367475;364.939802;963.761532;441.770235;966.612658;518.767089;966.044408;596.255757;968.711570;673.538843;968.366393;754.704098;970.728287;832.499602;970.170713;910.316366;969.963023;987.915595;972.827876;1065.302267;972.382645;1142.832231;975.441355;1219.842745;974.578125;1297.404687;977.231362;1377.008997;1036.914141;58.624242;1039.567961;132.982524;1039.384913;208.537718;1042.162706;284.669104;1041.606890;361.276502;1041.219321;441.459530;1044.098510;518.892384;1043.750204;596.332245;1046.260208;673.847878;1045.865873;751.928571;1049.025493;829.941612;1048.223370;907.666932;1051.095429;989.047314;1050.411245;1066.516466;1050.015702;1143.994215;1052.585246;1220.842623;1051.909587;1298.837101;1054.262723;1375.080789;1113.586420;57.629630;1116.476004;132.762977;1116.316635;208.576560;1119.648624;284.228440;1119.560352;360.854626;1122.324394;438.085640;1122.108878;515.371859;1121.584936;593.290865;1124.746006;674.303514;1124.069544;752.289369;1126.966534;830.413546;1126.604448;908.449563;1129.014162;986.707317;1128.577670;1064.233010;1131.286777;1142.089256;1130.781726;1219.266497;1132.918161;1300.604053;1131.987188;1376.903908;1191.001018;53.987780;1194.247805;128.626341;1194.289168;204.387814;1197.630375;280.539799;1197.404332;360.634477;1200.501285;437.844901;1200.093776;515.260581;1203.180833;593.207500;1203.192526;671.544273;1203.174018;749.616680;1205.619048;827.713492;1205.124194;905.933065;1207.582866;987.417134;1207.149435;1065.616317;1209.185797;1143.126342;1208.880066;1220.725393;1211.260327;1298.765394;1209.767683;1375.223881;1271.637591;53.064382;1271.722763;128.058366;1272.302214;203.952839;1275.506058;280.379310;1275.761905;357.447439;1278.869037;434.444059;1279.034130;512.208191;1281.633639;593.691923;1281.603928;671.521277;1284.481064;749.987913;1283.953263;828.208703;1286.761637;906.678170;1286.228352;984.813793;1285.767829;1063.106181;1288.135691;1141.119243;1287.243311;1221.888796;1289.380046;1299.867479;1288.320767;1376.571246;1349.285414;48.946485;1349.848691;124.223084;1353.692233;200.130097;1353.964995;279.640492;1357.509485;357.056911;1357.593503;434.537313;1357.675468;512.268313;1360.733165;590.516835;1360.931006;668.688279;1364.060000;747.380833;1363.061588;825.779579;1365.654618;907.478715;1365.230008;985.783182;1368.022654;1064.156149;1367.016529;1142.131405;1366.188788;1220.060181;1368.496520;1298.266821;1366.636646;1375.346584;1426.351637;49.453010;1427.522358;124.436992;1431.256585;200.633171;1431.797742;276.995296;1435.780797;354.294384;1436.019590;431.472841;1439.418278;512.821617;1439.268836;590.744007;1439.389307;668.903091;1442.429051;747.383711;1442.214110;826.226415;1445.028523;904.895134;1444.568142;983.462832;1446.522388;1061.729685;1445.734506;1142.825796;1447.955723;1220.564745;1446.190439;1298.763300;1444.444785;1375.582822;1503.908608;46.651435;1505.073000;121.743000;1509.097656;200.851562;1509.940131;277.250702;1513.836081;354.572344;1514.237243;431.769024;1517.689320;509.823477;1517.848069;587.998283;1521.222902;666.291958;1520.899493;744.829392;1520.527363;826.703980;1523.246012;905.059614;1522.600498;983.883721;1524.743547;1062.036636;1523.845000;1139.907500;1525.898682;1217.691104;1524.665639;1296.159476;1525.862447;1372.725502;1581.573276;46.950431;1586.019211;121.940344;1587.097752;197.875855;1588.136999;274.698975;1592.005401;351.657966;1592.502717;429.263587;1596.204606;509.985828;1596.658341;588.516503;1599.414613;666.830076;1599.603053;745.134860;1602.172145;823.717128;1601.752542;902.402542;1601.021222;981.063667;1603.810403;1059.291946;1602.488353;1140.906822;1603.989121;1218.365690;1603.033515;1296.488698;1604.631773;1373.801108;1658.787978;44.284153;1663.346432;122.578077;1664.597030;198.695050;1668.742555;275.292988;1669.738205;352.191489;1670.640439;429.760293;1674.556929;507.427184;1675.359751;585.618878;1678.240310;663.944875;1678.134157;745.635481;1681.100174;824.200348;1680.420513;902.880342;1682.842640;981.258883;1682.252613;1059.639373;1680.970389;1137.912014;1682.736123;1215.788215;1680.935115;1293.870229;1682.129917;1374.197259;1736.596916;44.540749;1741.203390;119.520439;1742.677419;195.760508;1746.967526;272.470869;1747.918638;349.605487;1752.026753;430.156827;1752.675383;507.853021;1753.596137;586.014925;1756.644714;664.347487;1756.756803;742.829082;1759.805415;821.373096;1759.121110;900.056350;1761.484456;978.347150;1760.385000;1059.757500;1762.379427;1138.239460;1761.017692;1215.876158;1761.860232;1294.459459;1759.921546;1371.520182;1813.749478;41.817328;1818.487829;120.549172;1820.198819;196.514764;1824.717351;272.873134;1825.621198;350.004608;1830.193962;427.486734;1830.905660;505.194070;1834.693647;583.195822;1835.025571;665.140639;1838.039763;743.532995;1837.608074;821.868797;1837.053736;900.490344;1839.572148;978.642617;1838.536503;1057.144312;1840.322500;1135.103333;1838.770479;1213.016221;1840.115774;1294.842981;1837.932882;1371.355894;1894.311284;42.427043;1896.274904;117.342912;1898.575139;193.562152;1902.623735;270.505060;1904.367742;350.745622;1908.585497;428.222023;1909.075065;505.972390;1913.167357;583.873239;1913.531092;662.052941;1916.609595;740.563275;1916.227526;819.099443;1918.940898;897.393223;1917.758566;979.103586;1917.025641;1057.176282;1918.884259;1135.207562;1916.963596;1213.243685;1917.914980;1291.780027;1916.568849;1370.911964;1968.676824;43.912281;1972.380000;118.700000;1977.331378;194.837732;1979.412935;271.401990;1984.355623;348.359676;1985.579051;425.667984;1986.960728;503.363027;1990.109827;581.482659;1990.557656;662.788280;1994.020352;740.945421;1993.917603;819.549625;1996.191529;898.118785;1995.028725;975.960503;1997.194016;1054.503173;1995.596257;1132.511586;1994.087479;1210.332762;1994.649808;1291.533333;1991.202830;1369.081368,74.933177;78.287222;71.771493;149.549774;71.384514;224.188976;70.001256;301.011307;69.363409;375.665414;69.134021;453.689433;68.569444;528.625000;68.597015;603.174129;69.105455;681.755152;70.213033;756.503759;70.907125;834.685751;71.576010;909.475059;72.933416;984.369914;74.796748;1061.520325;77.360694;1135.142197;78.963400;1209.018890;77.717283;1286.309690;81.872360;1357.976125;147.268478;74.088043;147.234731;147.590419;145.780275;225.304619;144.729219;299.595718;144.326115;374.547771;140.619701;452.653367;140.768666;527.541004;140.638015;602.834140;140.792941;681.152941;140.912010;756.485137;141.590854;834.870036;143.085234;909.690276;144.802059;984.630435;146.025200;1062.216495;148.466981;1136.267689;150.247653;1213.408451;152.642643;1287.047047;153.217490;1361.758175;220.672249;72.508373;219.460576;145.842303;218.409794;223.523196;217.297092;298.159292;216.766626;373.020556;216.237636;451.167672;216.114929;526.377962;216.489596;605.368421;217.026253;680.523866;217.403893;755.897810;218.583630;834.704626;219.205780;910.078613;217.407407;984.630752;218.648649;1062.765766;220.585280;1137.018692;222.638347;1214.393800;224.347466;1288.516029;226.493976;1361.672978;296.792208;70.529870;292.532357;143.995116;291.487406;221.877834;290.861940;296.615672;290.124845;371.668727;289.951132;450.597139;289.836066;525.974239;289.781903;604.857309;289.992170;680.181208;290.264472;755.930760;291.447974;834.664841;292.279070;910.033827;293.491091;985.237194;295.002130;1063.248136;296.684978;1138.089686;298.512472;1215.034014;300.556128;1289.477858;302.288511;1363.142979;370.340244;68.724390;369.109726;142.098504;368.259542;220.094148;367.704739;295.140948;367.048009;370.069087;366.873239;449.041080;366.695858;524.815385;366.720504;604.138603;363.891705;679.706221;364.321510;755.578947;364.646259;834.659864;365.784897;910.221968;366.946369;989.115084;368.436099;1063.825112;369.753846;1138.785714;371.305586;1216.311062;373.009063;1290.835851;375.218304;1363.863980;444.115566;67.103774;443.049818;140.392467;442.463357;219.009456;441.996471;294.024706;441.434983;372.589183;441.089686;448.241031;441.106862;524.169854;441.303911;603.303911;441.626240;679.122381;442.140276;755.465462;442.775161;834.440043;443.778751;910.110624;444.413390;988.922423;445.709251;1064.490088;446.793333;1139.637778;445.310782;1217.186047;446.772556;1291.656955;448.805385;1368.586923;521.502320;65.103248;521.303944;138.917633;520.345154;217.148936;519.528777;291.856115;516.087203;371.334088;515.788354;447.277716;515.698482;523.043384;515.824777;602.612723;516.049578;678.926160;516.396660;758.861169;516.935857;834.517350;517.668072;910.394099;518.872559;989.218911;520.221286;1064.578504;521.475687;1139.634249;522.893528;1217.361169;523.930451;1292.749060;525.592791;1369.508436;596.398383;63.795612;596.027429;137.670857;595.214612;215.869863;594.835006;291.489409;594.755034;370.525727;594.564928;446.401776;594.893548;522.572043;595.034197;602.215544;595.298647;678.443288;595.941737;758.181144;596.139148;834.221184;593.498455;910.093718;594.367010;989.344330;595.045786;1064.796046;595.841046;1140.294769;597.194444;1218.174897;598.625606;1292.755577;599.372006;1370.186377;671.869663;62.524719;671.216648;140.076397;670.830700;215.252822;670.368362;290.600000;670.223555;370.040349;670.332625;445.889479;670.001018;522.154786;670.076382;601.588945;670.512671;677.963938;671.278107;758.073964;671.556721;833.841754;671.849756;910.719024;672.367326;990.013528;673.696000;1064.987000;674.758479;1143.715313;675.446830;1218.754601;676.547801;1293.903442;674.332037;1371.075428;750.436667;60.985556;750.114317;138.690344;749.983352;214.214206;749.678610;289.793702;749.668099;369.114930;749.285111;444.967265;749.706897;524.521298;746.471944;601.257515;746.780632;677.774704;747.127273;757.628708;747.437080;833.723343;747.782064;909.715526;748.327381;989.578373;749.298143;1064.556207;749.968064;1143.463074;750.932473;1218.282026;751.873358;1293.701689;752.487528;1371.354497;826.041295;59.897321;825.707609;138.251087;825.816079;213.094714;825.599129;288.880174;825.590631;368.138493;825.527723;444.598020;825.821289;524.673828;826.033803;600.832864;825.747809;677.345667;826.503697;757.301294;826.868696;833.313035;827.335283;913.639376;827.623810;989.356190;824.941884;1065.549098;825.655137;1144.108850;826.304348;1219.334369;826.706481;1294.712963;827.160755;1371.766792;905.669604;59.307269;905.167956;137.423204;905.388235;212.535829;901.957645;288.208678;901.876617;367.778109;902.089374;444.012910;902.091522;523.943160;902.187500;600.648674;902.365455;677.140909;902.783542;757.059034;902.708907;833.147842;903.291509;913.340566;903.900280;988.999068;904.609827;1064.898844;904.967773;1143.781250;905.473737;1218.701010;905.952162;1293.997240;906.013034;1371.459812;981.390298;59.355017;981.328824;137.022893;981.441836;212.467449;981.610403;291.477707;981.667650;367.251721;981.755643;443.624141;981.815488;523.304015;982.422825;600.034612;982.387829;676.871026;982.479339;756.768595;979.457753;833.056639;979.604111;912.899911;980.016202;988.960396;980.259439;1064.875121;981.070506;1143.821251;981.040528;1218.982092;981.322552;1297.817610;981.629158;1371.832979;1057.529089;58.525796;1057.676810;136.488982;1057.922037;211.960499;1057.883817;291.173237;1057.961576;367.179310;1058.501449;443.430918;1058.725546;523.225071;1058.570637;599.774700;1059.008219;680.102283;1058.873087;756.581458;1059.327571;832.881711;1059.757944;912.650467;1059.752530;988.781969;1060.023787;1064.512845;1060.229820;1143.264008;1060.356589;1218.634690;1057.284211;1297.014912;1056.867495;1371.278813;1136.343413;62.295896;1137.078224;136.496829;1137.350785;211.874346;1137.580952;290.874074;1137.744960;367.050403;1138.379009;443.440233;1134.752757;523.094669;1134.850869;599.857274;1135.172884;679.634213;1135.549348;756.290503;1135.822898;832.711986;1135.878277;912.191948;1135.842256;988.475143;1135.982440;1067.633087;1136.203565;1143.288931;1136.056980;1218.363723;1136.283725;1296.817232;1135.914952;1370.894376;1212.641280;62.277042;1213.069223;136.575080;1213.595188;211.961297;1213.886715;291.032956;1214.464789;366.748491;1214.558912;443.041289;1215.090494;522.617916;1215.265552;599.337047;1215.310798;679.336150;1215.389445;755.789809;1215.829665;832.368421;1215.564004;912.049086;1212.210923;988.185499;1211.698618;1067.370507;1211.904807;1142.710650;1211.832227;1217.808531;1211.506757;1296.446791;1210.779866;1370.571141;1291.785635;62.714917;1292.280127;136.756871;1289.584127;212.089947;1290.071130;290.905858;1290.724103;366.631795;1290.794466;446.577075;1291.158301;522.599421;1291.127498;599.222645;1291.778306;679.129401;1291.446266;755.543716;1291.561338;831.987918;1291.697917;911.926136;1291.497653;987.613146;1291.337557;1066.585520;1291.192661;1142.147706;1290.795841;1217.004726;1290.291522;1295.750000;1289.370902;1369.633197;1367.177994;63.074434;1367.946032;137.156614;1368.802128;212.211702;1369.405930;291.002045;1369.948665;366.835729;1370.410256;446.451282;1370.965209;522.745527;1371.003763;598.970837;1367.910577;679.069231;1368.055243;755.238764;1367.831244;835.190935;1367.359519;911.292976;1367.181987;987.254410;1367.052434;1066.478464;1366.883743;1141.682420;1366.296935;1216.644636;1365.660069;1295.120482;1364.577002;1368.921971;1442.265837;64.266968;1443.143013;138.014192;1444.146710;216.725998;1444.783368;291.864476;1445.430928;367.481443;1446.183402;446.588115;1446.627049;522.823770;1446.741935;599.095797;1446.926276;678.904537;1447.131008;755.136664;1446.725509;834.753637;1446.736994;910.921965;1446.689756;986.738537;1446.043062;1065.719617;1445.546500;1140.697987;1441.498077;1219.053846;1440.660345;1293.831897;1439.280969;1367.892042;1520.433217;65.010453;1521.410056;138.937430;1522.576216;217.131892;1523.341237;292.296907;1520.938080;367.884417;1521.291152;446.840535;1521.795205;523.072927;1521.704612;599.152110;1522.271303;678.776690;1522.274131;754.809846;1521.815068;834.366928;1521.999033;910.076402;1521.406439;985.871227;1520.795411;1064.869025;1520.479267;1139.722276;1518.955939;1217.599617;1518.130544;1292.515481;1516.716270;1366.081349;1594.744780;66.127610;1596.131844;139.862570;1597.252193;218.087719;1598.300620;292.773760;1599.091641;368.311178;1599.337782;447.422998;1600.054162;523.204614;1600.407000;602.486000;1600.224172;678.772904;1600.483268;754.376969;1600.286422;834.056492;1596.410945;909.608955;1596.252199;985.117302;1595.125348;1063.870009;1594.309953;1138.403791;1593.528801;1216.525024;1592.434966;1291.267736;1590.328457;1365.591755;1668.469410;67.480534;1670.017998;141.296963;1671.224422;219.022002;1672.226178;293.773822;1673.488753;369.123722;1674.229770;447.822178;1674.832833;523.603604;1675.163618;602.664634;1675.188188;678.677678;1675.096040;754.081188;1674.809990;833.456415;1674.125962;908.876923;1673.922465;988.087475;1672.783546;1062.838394;1672.066140;1137.626851;1670.870968;1215.383187;1669.543006;1289.696785;1667.899540;1363.542351;1745.751938;68.472868;1747.007839;142.270997;1748.677928;219.970721;1750.022036;294.861490;1750.834755;373.173774;1751.530071;448.366972;1752.241870;523.792683;1749.207490;602.748988;1748.884129;678.477118;1749.153072;753.846928;1748.750000;832.902510;1748.353171;908.601951;1747.750000;986.901544;1746.565511;1061.925819;1745.360511;1136.281925;1744.288218;1214.160662;1742.400166;1288.223695;1740.370588;1364.946405;1818.280514;70.837259;1819.987872;143.626240;1821.921336;221.205819;1823.070575;295.454940;1824.035491;373.802714;1824.531937;448.960209;1825.451844;524.300205;1826.162162;602.643644;1825.804305;678.333659;1826.042211;753.716583;1825.762626;832.730303;1825.033144;907.598485;1824.057843;985.912745;1823.127202;1060.927593;1818.733204;1135.095424;1817.255179;1212.720339;1815.155428;1286.356086;1813.018205;1363.193974;1895.722326;70.897749;1896.305527;145.143900;1897.878447;222.406537;1895.817805;296.847826;1896.913462;374.845085;1898.115897;449.475897;1898.621648;524.877395;1899.001898;603.106262;1899.451791;678.195592;1899.394712;757.135977;1899.106364;832.026364;1898.471731;906.722615;1897.656992;985.151275;1896.515929;1059.174336;1894.884683;1133.713028;1893.161873;1210.683648;1891.032836;1284.711940;1965.558301;71.851737;1966.768792;149.445290;1968.647975;223.902388;1969.952381;298.426357;1971.099492;375.864975;1972.257415;450.187500;1972.809617;525.055937;1973.368530;603.502070;1973.441506;678.102747;1973.298387;756.952621;1969.652344;832.123047;1968.847170;905.454717;1967.600178;984.650045;1967.051710;1058.048374;1965.144464;1136.113322;1962.894531;1208.998437;1959.903244;1281.830126,84.183424;79.877717;80.696065;155.658073;80.474114;229.201635;77.153745;303.147175;74.582677;377.572178;75.480946;452.137976;72.786164;530.245283;74.187500;605.415816;72.171392;680.770619;70.731324;756.216252;72.527638;831.830402;71.407828;910.544192;73.598773;985.890798;73.048811;1060.858573;73.150510;1136.036990;76.359395;1210.771753;76.611779;1288.972356;80.708193;1362.873176;155.735969;78.994898;152.057971;151.565217;152.174263;225.357909;148.739241;302.674684;149.218375;377.082557;146.424802;451.901055;144.450323;527.320000;145.712159;602.594293;143.673777;681.663739;145.342298;757.482885;143.961823;833.019704;143.434889;908.665848;146.361779;984.631010;145.235084;1063.109785;148.293680;1138.656753;148.190238;1213.653317;148.374165;1288.741648;152.167665;1363.250499;227.712644;77.922095;227.604167;150.455729;224.516469;224.664032;221.647520;299.334204;222.394702;373.935099;219.439276;452.355297;220.984190;527.740448;218.508728;603.270574;216.867647;679.120098;218.820073;754.914321;217.540964;834.097590;219.467153;910.512165;218.542926;986.373640;218.242243;1062.031026;221.291169;1137.417661;220.773058;1216.162621;224.227371;1291.676724;224.316759;1365.982505;300.693095;73.708440;300.368557;146.622423;297.591530;224.192623;298.032552;299.170573;295.405722;373.745124;293.047679;449.090339;294.124051;524.688608;292.383578;603.985294;294.036900;680.119311;292.276775;756.322503;290.858002;832.559567;293.140828;908.945562;292.675264;988.276671;295.088235;1064.303529;294.788715;1139.783914;294.023669;1215.144379;297.755260;1291.162791;297.944987;1368.873114;376.996139;72.912484;374.002581;146.298065;371.023136;220.838046;372.185044;295.513308;369.325815;373.763158;370.501214;449.638350;368.433763;525.246190;366.279395;601.299185;367.740914;677.902696;366.483041;757.525146;368.549087;833.791096;367.565611;910.329186;366.810750;986.652856;369.014035;1062.851462;368.794220;1142.284393;371.794814;1217.936866;371.490835;1293.765784;371.822241;1368.669756;450.860000;69.331250;448.026349;145.824341;448.698020;220.641089;446.262774;295.661800;443.849633;370.590465;444.561091;446.252669;442.914918;525.660839;444.575928;602.163105;442.844098;678.646993;441.666667;755.162891;443.271845;832.031284;442.438596;911.762061;444.830601;988.338798;444.109902;1064.473341;443.619718;1140.929577;446.620198;1216.660812;446.014070;1296.198995;448.896496;1371.590057;524.944712;68.991587;522.657005;142.411836;523.494545;217.343030;520.946996;295.472320;522.274827;371.237875;520.191610;447.074830;518.188781;523.079827;519.731423;599.510616;518.547771;679.540340;520.268443;756.470287;518.966119;833.198152;517.597484;909.938155;519.992746;986.734715;519.425753;1066.371755;521.905946;1142.745946;521.562366;1218.956989;521.107900;1295.157996;524.087676;1370.492142;599.724638;68.543478;597.570423;142.338028;598.405498;217.154639;596.294314;292.448161;597.657080;368.103982;595.733333;447.413757;597.079876;524.041494;595.662564;600.262564;594.133739;677.281662;595.773663;754.250000;594.661017;834.511466;596.936992;911.554878;595.851741;988.183085;595.116466;1064.998996;597.570691;1141.402477;597.161856;1221.194845;599.826214;1297.814563;599.271080;1372.522459;675.177829;65.412240;676.271493;139.460407;674.102825;217.566102;672.067478;292.790929;673.410695;368.480214;671.882533;444.685393;673.422961;521.536757;671.718127;601.282869;673.819942;678.326234;672.632396;755.376334;671.332685;832.601167;673.113333;909.506667;672.265823;989.671860;674.982036;1066.676647;673.912826;1143.148297;673.456456;1219.362362;675.775260;1296.259679;674.968340;1375.143629;750.364149;65.388952;751.903614;139.676889;749.819101;214.224719;751.027473;289.682418;749.527950;369.143892;748.002002;445.510511;749.686759;521.898221;748.248077;598.777885;750.247601;675.755278;748.667295;756.367578;750.787356;833.657088;749.814377;910.710646;748.683196;988.047750;751.541667;1064.716085;750.411877;1144.755747;752.406953;1221.344581;751.696539;1298.050577;750.988321;1373.956204;829.799779;63.386062;827.777535;140.133043;826.272530;215.249729;827.981132;290.927673;826.570686;366.632017;827.896690;443.067202;826.576526;523.230047;825.159672;600.170620;827.198131;676.948598;825.718272;754.062106;828.112410;831.756295;826.426047;912.353488;828.902894;989.722689;827.695733;1066.397032;826.885768;1143.132959;829.081951;1219.650732;828.282511;1299.856502;830.679367;1375.242991;905.829857;63.455543;904.058201;137.374603;905.654584;212.727079;904.109645;291.321827;902.891996;367.457088;904.931731;444.193269;903.437729;520.629121;905.255941;597.739488;904.167106;678.080915;902.896673;755.674256;905.102302;832.909633;903.776042;910.114583;906.027248;987.171662;905.176416;1067.354689;907.190840;1144.333969;905.781489;1220.783397;904.821645;1298.192208;907.540541;1373.994310;981.888889;63.887789;980.467588;138.119022;982.650000;213.501064;980.972056;289.421158;983.086372;365.560461;981.866285;444.680993;980.477231;521.607468;982.388288;598.800000;981.286815;675.913527;983.263112;753.546329;982.174536;834.216695;981.142981;911.279896;983.235986;988.599458;981.971831;1065.547535;984.379759;1142.808728;983.166508;1222.625119;984.827225;1299.821117;983.449930;1375.824061;1057.838156;61.936763;1060.140479;136.091571;1059.264921;214.379058;1057.782477;289.956697;1060.177670;365.899029;1058.742026;442.619137;1061.087309;519.810981;1059.792619;599.800527;1058.573171;677.294425;1060.690537;754.602728;1059.191638;831.606272;1061.743966;909.331897;1060.477333;989.657778;1059.379981;1066.808156;1061.768587;1143.684015;1060.255399;1220.177465;1062.138053;1297.365487;1060.408779;1372.902606;1134.270183;62.594187;1136.650215;136.977468;1135.648225;212.311065;1137.864039;288.204926;1136.797310;367.435159;1135.732342;444.110595;1137.972022;520.798736;1137.119681;597.813830;1139.347386;675.215008;1137.587031;755.595563;1136.750221;832.945084;1138.646259;910.431973;1137.911458;987.287326;1139.957682;1064.895124;1138.361111;1144.810036;1137.038095;1221.590476;1139.281665;1298.976971;1137.728510;1374.387536;1213.480214;61.530481;1212.634454;138.853992;1212.075078;213.904067;1214.504505;289.455455;1213.666034;365.273245;1216.280718;441.866730;1215.322049;521.732845;1214.173913;598.803904;1216.258261;676.042609;1215.217466;753.261986;1217.448908;830.802620;1216.107452;911.569324;1214.770318;988.607774;1216.774888;1065.637668;1215.673267;1142.477948;1217.538606;1219.049906;1215.959292;1296.236283;1213.979847;1375.154969;1289.711351;62.650811;1288.987978;136.563934;1291.654295;212.335101;1291.137195;290.893293;1290.384764;366.741562;1292.833026;443.202030;1292.083485;519.818512;1294.505809;597.100089;1293.096014;677.079710;1292.268855;754.464951;1294.203737;831.820285;1293.355240;908.986679;1295.022907;986.402643;1293.942255;1066.517874;1292.111421;1143.318477;1294.179487;1219.756885;1292.448035;1296.847162;1293.626990;1372.713495;1365.113063;64.743139;1365.059203;138.719053;1367.884324;213.682162;1367.604230;288.854985;1370.400990;365.249505;1369.414449;444.545627;1368.602241;521.296919;1371.030937;598.227480;1370.035587;675.421708;1372.759746;752.566636;1371.443541;832.747967;1370.235348;910.315018;1371.883199;987.272237;1370.757466;1064.017195;1372.376394;1141.126394;1370.898674;1217.355114;1368.778169;1297.683979;1369.831989;1373.140457;1441.072626;63.422346;1444.011892;137.152432;1443.769063;215.566449;1443.482402;290.894410;1446.313508;366.669355;1446.009814;442.962709;1448.609329;519.475219;1447.825458;599.405979;1447.123062;676.533915;1448.881555;753.767631;1447.881308;830.820561;1450.270423;908.025352;1448.828440;988.171560;1447.321665;1064.937559;1448.765835;1141.810940;1447.468147;1217.776062;1448.540870;1294.549565;1446.080420;1370.472028;1516.534292;64.984513;1519.822079;139.155413;1519.822126;214.071584;1523.047974;289.287846;1522.431677;368.141822;1522.013579;444.279340;1524.576923;520.887574;1524.293219;597.444126;1526.311848;674.427488;1525.796226;754.589623;1524.425733;831.980132;1526.199065;908.768224;1524.982440;985.587800;1526.793499;1062.458891;1525.248538;1139.002924;1523.586914;1218.629883;1524.900790;1295.207199;1522.613590;1370.883322;1593.998902;64.722283;1594.579235;141.574863;1594.664097;216.530837;1598.159018;291.374600;1597.944162;366.886294;1601.088143;442.918153;1600.413265;522.341837;1599.788594;598.744346;1602.344995;675.822157;1601.750000;752.913127;1603.512031;829.415784;1602.445642;909.597453;1601.168919;986.533784;1602.730049;1063.107389;1600.813102;1139.343931;1602.326942;1215.341323;1600.183173;1291.908852;1596.962369;1370.561672;1668.396667;67.345556;1668.970688;140.960541;1672.640712;215.652948;1672.819549;293.837809;1672.762876;369.247854;1675.836777;444.790289;1675.567240;520.901921;1678.360672;597.447628;1677.609929;677.058764;1676.731633;753.827551;1678.601010;830.549495;1677.880928;906.783047;1679.300607;983.812753;1677.868627;1060.064706;1675.912574;1139.493124;1676.851338;1215.460852;1674.574956;1291.776896;1674.797563;1366.992552;1742.306170;70.142026;1743.326340;143.340326;1746.656852;218.061155;1747.290000;292.580000;1750.588486;368.079957;1750.304348;446.694617;1750.316169;522.573635;1753.073663;598.879919;1752.336354;675.214502;1754.865521;751.667341;1753.619145;831.539715;1752.249489;907.950920;1754.012745;984.100000;1752.114786;1060.490272;1753.608824;1136.029412;1751.469447;1212.124151;1749.234612;1291.610169;1749.376134;1366.772505;1815.703617;69.471412;1819.805848;142.964912;1820.505682;220.500000;1821.022346;295.033520;1824.207265;369.978632;1824.589229;445.208025;1827.754167;521.017708;1827.629016;600.178238;1826.872251;676.369634;1829.022222;752.839394;1828.221998;829.133199;1829.923383;905.461692;1828.467677;981.598990;1826.650615;1060.710041;1827.984894;1136.569990;1825.456349;1212.153770;1826.200897;1287.951570;1822.929314;1362.530146;1888.959631;72.515571;1893.426773;145.803204;1893.849224;220.063193;1897.893777;293.931330;1898.338525;372.068536;1898.598196;447.414830;1901.844758;523.046371;1901.566860;598.471899;1904.246154;674.670192;1903.529873;753.847209;1902.294118;829.679317;1904.208997;906.191190;1902.746047;981.828837;1904.053539;1057.572595;1901.813800;1133.360113;1899.490750;1211.986368;1900.335859;1287.715488;1897.380090;1362.071105;1963.504878;72.739024;1964.661234;149.196740;1965.907778;222.743333;1969.535165;296.793407;1969.961039;371.240260;1973.778742;446.323210;1973.782105;524.935789;1973.399598;600.292169;1976.080164;675.928058;1975.773723;751.818561;1977.804928;827.631417;1976.220305;903.502538;1974.900103;982.504634;1976.310521;1058.257406;1974.048370;1133.894848;1974.496907;1208.262887;1971.352941;1283.348346;1967.649547;1362.656344,,,,,,,,,,,,,,,,,
MultiColorStimulus,Could there be multiple stimulus colors for the same stimulus pixel (only used in align_stimulus),Numeric,0,,,,,,,,,,,,,,,,,1,1,,,
